Timestamp,SessionTime,Num_of_Fixations,Mean_Fixation_Duration,Skew_Fixation_Duration,First_Fixation_Duration,Mean_Saccade_Duration,Skew_Saccade_Duration,Skew_Saccade_Amplitude,Mean_Saccade_Direction,SD_Saccade_Direction,Max_Saccade_Direction,Num_of_Blink,Mean_Blink_Duration,Skew_Blink_Duration,Num_of_Microsac,Mean_Microsac_Peak_Vel,SD_Microsac_Peak_Vel,Skew_Microsac_Peak_Vel,SD_Microsac_Ampl,Skew_Microsac_Ampl,Mean_Microsac_Dir,SD_Microsac_Dir,Max_Microsac_Dir,Mean_Microsac_H_Amp,Skew_Microsac_H_Amp,Max_Microsac_H_Amp,Mean_Microsac_V_Amp,SD_Microsac_V_Amp,Skew_Microsac_V_Amp,Max_Microsac_V_Amp,Mean,SD,Number of Peaks
2026-04-16 14:11:03.925,32,672,1,7333,334,6376,1,3407,266,7613,22,7472,12,2368,5,2070,-0,0025,1,7929,3,1402,0,1333,44,4346,0,8162,4,4667,36,5751,4,3009,0,2165,0,0951,0,2015,1,5555,97,9429,176,7616,0,6084,-0,6329,1,0095,0,4201,0,2845,0,1549,0,9705,0,0000,0,0000,0,000000
2026-04-16 14:11:04.916,33,661,1,7000,346,8617,1,1863,400,1007,22,5709,15,6181,5,3967,-0,0064,1,7999,3,1402,0,1000,51,8411,0,3813,4,4667,36,5505,4,3247,0,2132,0,0956,0,1984,2,2816,98,0620,176,7616,0,6055,-0,6035,1,0095,0,4221,0,2850,0,1366,0,9705,1,2193,0,0031,0,000000
2026-04-16 14:11:05.916,34,661,1,7333,344,8901,1,2359,199,9960,22,5755,15,5141,5,3796,0,0276,1,7779,3,1402,0,1000,51,8411,0,3813,4,4667,36,6548,4,3221,0,1604,0,0956,0,1452,2,8143,97,9323,176,7616,0,6120,-0,5941,1,0389,0,4172,0,2875,0,1628,0,9705,1,2278,0,0072,0,000000
2026-04-16 14:11:06.923,35,672,1,7000,356,0065,1,1139,488,8840,22,5793,15,4303,5,3556,0,0113,1,7624,3,1402,0,1000,51,8411,0,3813,4,3667,36,6839,4,3624,0,1352,0,0965,0,1191,0,7160,95,2088,176,7616,0,6140,-0,5738,1,0389,0,4177,0,2879,0,1666,0,9705,1,2264,0,0064,0,000000
2026-04-16 14:11:07.923,36,672,1,7333,336,7669,1,2927,133,3332,22,5618,15,8242,5,1989,0,0047,1,7577,3,1402,0,1000,51,8411,0,3813,4,5000,36,7188,4,3083,0,1148,0,0953,0,0985,2,9310,94,8308,176,7616,0,6049,-0,5426,1,0389,0,4261,0,2912,0,1430,0,9705,1,2221,0,0091,0,000000
2026-04-16 14:11:08.936,37,683,1,6667,358,6791,1,3566,511,1160,22,5708,15,6181,5,1508,0,0396,1,7502,3,1402,0,1000,51,8411,0,3813,4,3000,36,6512,4,3148,0,1307,0,0954,0,1135,9,2407,91,1667,176,7616,0,5946,-0,4946,1,0389,0,4342,0,2936,0,0919,0,9705,1,2191,0,0101,0,000000
2026-04-16 14:11:09.936,38,683,1,6000,374,5532,2,9178,599,9908,22,5726,15,5766,5,1396,0,0479,1,7510,3,1402,0,1000,51,8411,0,3813,4,2667,36,6722,4,3251,0,1181,0,0957,0,1009,9,9642,91,1524,176,7616,0,5984,-0,5089,1,0389,0,4318,0,2935,0,1083,0,9705,1,2143,0,0135,0,000000
2026-04-16 14:11:10.935,39,683,1,6000,387,0537,4,3605,199,9807,22,5890,15,2188,5,1892,0,0679,1,7542,3,1402,0,1000,51,8411,0,3813,3,8667,36,6861,4,3486,0,1463,0,0961,0,1281,12,7874,89,4410,176,7616,0,6275,-0,7233,1,0389,0,4015,0,2866,0,2469,0,9705,1,2032,0,0168,0,000000
2026-04-16 14:11:11.947,40,694,1,6000,390,2944,4,5552,644,4492,22,5952,15,0905,5,3919,0,0474,1,7771,3,1402,0,1000,51,8411,0,3813,3,9000,36,6714,4,3818,0,1775,0,0969,0,1607,10,2665,91,0174,176,7616,0,6461,-0,7409,1,0990,0,3845,0,2852,0,3082,0,9705,1,1911,0,0191,0,000000
2026-04-16 14:11:12.958,41,705,1,7000,366,4662,4,7491,311,1496,22,5950,15,0905,5,4958,0,0178,1,7777,3,1402,0,1000,51,8411,0,3813,3,9667,36,6564,4,3151,0,2030,0,0954,0,1857,10,8039,92,0104,176,7616,0,6380,-0,7321,1,0990,0,3903,0,2870,0,2771,0,9705,1,1826,0,0176,0,000000
2026-04-16 14:11:13.967,42,716,1,6333,383,6910,4,5983,155,5214,22,3454,18,7774,5,5818,0,0026,1,7801,3,1402,0,1000,51,8411,0,3813,3,9667,36,6782,4,3325,0,1692,0,0958,0,1515,4,3421,91,7873,176,7616,0,6364,-0,6810,1,0990,0,3918,0,2878,0,2628,0,9705,1,1766,0,0125,0,000000
2026-04-16 14:11:14.982,43,727,1,7000,375,6169,4,6873,199,9969,22,2206,-11,6231,6,4796,-0,1335,1,6806,3,1267,0,0333,22,1973,0,0000,4,1667,36,6870,4,3412,0,1774,0,0960,0,1611,-2,3347,93,8519,176,7616,0,6205,-0,6409,1,0990,0,4052,0,2923,0,2431,0,9759,1,1710,0,0070,0,000000
2026-04-16 14:11:15.982,44,727,1,7333,373,0943,4,7911,244,4286,22,2206,-11,5774,6,3843,-0,1200,1,6998,3,1267,0,0333,22,1973,0,0000,3,9333,36,9112,4,3103,0,1674,0,0953,0,1509,-2,4773,96,4658,176,7616,0,6084,-0,5595,1,0990,0,4265,0,2943,0,1610,0,9759,1,1643,0,0133,0,000000
2026-04-16 14:11:16.980,45,727,1,7333,373,0959,4,6311,111,1088,22,2203,-11,7537,6,2199,-0,1313,1,6896,3,1267,0,0333,22,1973,0,0000,4,0000,36,8601,4,2696,0,1952,0,0944,0,1782,-1,8993,94,8864,176,7616,0,6198,-0,6155,1,0990,0,4069,0,2943,0,2443,0,9759,1,1534,0,0260,0,000000
2026-04-16 14:11:17.990,46,739,1,7000,378,6683,4,6024,1022,2210,22,2203,-11,5483,5,7800,-0,1964,1,6828,3,1267,0,0333,22,1973,0,0000,4,0667,36,7036,4,2059,0,2396,0,0929,0,2215,-3,4982,94,2670,176,7616,0,5966,-0,4473,1,0990,0,4294,0,2982,0,1235,0,9759,1,1379,0,0344,0,000000
2026-04-16 14:11:19.002,47,750,1,7000,373,8760,4,8213,244,4382,22,2203,-11,6450,5,4604,-0,1910,1,6663,3,1267,0,0333,22,1973,0,0000,4,1000,36,6399,4,2250,0,2524,0,0934,0,2343,-4,1235,92,7995,176,7616,0,5926,-0,4272,1,0990,0,4330,0,2960,0,1093,0,9759,1,1171,0,0346,0,000000
2026-04-16 14:11:20.002,48,750,1,8000,366,2739,4,9632,222,2214,22,2202,-11,5191,5,4204,-0,2260,1,7107,3,1267,0,0333,22,1973,0,0000,3,8667,36,4848,4,1974,0,3041,0,0927,0,2841,-6,0524,95,4372,176,7616,0,5973,-0,4693,1,0990,0,4255,0,2927,0,2128,0,9759,1,0967,0,0264,0,000000
2026-04-16 14:11:21.004,49,750,1,7667,365,6373,5,0435,533,4606,22,2202,-11,5662,5,3048,-0,2241,1,6783,3,1267,0,0333,22,1973,0,0000,3,9667,36,7000,4,3517,0,2768,0,0962,0,2624,-7,8100,93,5561,176,7616,0,5721,-0,3475,1,0990,0,4523,0,3046,0,1137,0,9795,1,0789,0,0198,0,000000
2026-04-16 14:11:22.012,50,761,1,7333,361,5543,5,0473,111,1164,22,2202,-11,5962,4,8645,-0,2461,1,6936,3,1267,0,0333,22,1973,0,0000,4,0667,36,7161,4,3199,0,2685,0,0955,0,2539,-10,5866,94,1883,176,7616,0,5665,-0,3297,1,0990,0,4568,0,3064,0,0992,0,9795,1,0638,0,0202,0,000000
2026-04-16 14:11:23.024,51,772,1,7333,362,4084,5,1162,666,7194,22,2198,-12,9754,4,8558,-0,1874,1,7090,3,1267,0,0333,22,1973,0,0000,4,0667,36,7498,4,2656,0,2636,0,0943,0,2479,-6,1174,93,1030,176,7616,0,5734,-0,3587,1,0990,0,4512,0,3071,0,1325,0,9795,1,0562,0,0160,0,000000
2026-04-16 14:11:24.025,52,772,1,8000,348,1624,5,3005,999,9885,22,2198,-12,8860,4,7689,-0,2332,1,7256,3,1267,0,0333,22,1973,0,0000,4,1000,36,7987,4,3827,0,2181,0,0970,0,2044,-7,9976,95,0447,176,7616,0,5665,-0,3188,1,0990,0,4605,0,3052,0,0660,0,9795,1,0509,0,0121,0,000000
2026-04-16 14:11:25.025,53,772,1,8333,342,6408,5,5717,666,6527,22,2197,-12,8082,4,6925,-0,2363,1,7449,3,1267,0,0333,22,1973,0,0000,4,1000,36,6814,4,3941,0,2624,0,0972,0,2488,-8,3114,95,3356,176,7616,0,5416,-0,2251,1,0990,0,4939,0,2992,-0,1426,0,9795,1,0461,0,0084,0,000000
2026-04-16 14:11:26.034,54,783,1,8000,348,9859,5,2654,177,7763,22,2199,-12,6588,4,5345,-0,1161,1,7268,3,1267,0,0333,22,1973,0,0000,4,1000,36,8053,4,4063,0,2214,0,0975,0,2084,-5,5549,95,6951,176,7616,0,5364,-0,1817,1,0990,0,5014,0,3017,-0,1854,0,9795,1,0423,0,0097,0,000000
2026-04-16 14:11:27.035,55,783,1,7667,351,3772,5,2441,177,7763,22,2202,-12,6658,4,4461,-0,1007,1,7337,3,1267,0,0333,22,1973,0,0000,4,1000,36,7767,4,3604,0,2206,0,0965,0,2065,-5,3517,98,3925,176,7616,0,5234,-0,1196,1,0990,0,5035,0,3073,-0,2006,0,9795,1,0383,0,0153,0,000000
2026-04-16 14:11:28.033,56,783,1,7333,363,6904,5,0402,111,1107,22,2201,-12,0941,4,6587,-0,1338,1,7458,3,1267,0,0333,22,1973,0,0000,4,1333,36,6698,4,3673,0,2722,0,0966,0,2566,-7,4188,98,1506,176,7616,0,5239,-0,1062,1,0990,0,5032,0,3041,-0,2268,0,9795,1,0253,0,0247,0,000000
2026-04-16 14:11:29.047,57,794,1,6667,381,3507,4,8204,111,0992,22,2194,-11,2793,4,6192,-0,1009,1,7525,3,1267,0,0333,22,1973,0,0000,4,0333,36,8756,4,3483,0,2036,0,0962,0,1883,-5,9172,99,0384,176,7616,0,5326,-0,1805,1,0990,0,4983,0,3091,-0,1631,0,9795,1,0158,0,0226,0,000000
2026-04-16 14:11:30.047,58,794,1,6000,405,1143,4,5963,200,0046,22,2193,-11,0816,4,5572,-0,1635,1,7011,3,1267,0,0000,0,0000,0,0000,3,9000,36,8271,4,3931,0,2289,0,0972,0,2134,-8,6930,93,2849,176,4699,0,5194,-0,1105,1,0990,0,5104,0,3051,-0,2200,0,9795,1,0123,0,0181,0,000000
2026-04-16 14:11:31.056,59,805,1,6000,416,6875,4,4917,288,8718,22,2191,-11,1139,2,5188,-0,1550,1,7311,3,1267,0,0000,0,0000,0,0000,3,8667,36,9618,4,4504,0,1792,0,0984,0,1647,-8,8193,94,9795,176,4699,0,4973,0,0252,1,0990,0,5389,0,2994,-0,3394,0,9795,1,0077,0,0166,0,000000
2026-04-16 14:11:32.068,60,816,1,6000,424,0952,4,4277,511,9209,22,2216,-2,0997,2,5413,-0,1779,1,7447,3,1074,0,0000,0,0000,0,0000,3,8000,36,9582,4,3481,0,1915,0,0966,0,1900,-9,7098,96,5491,176,4699,0,4991,-0,0224,1,0990,0,5383,0,2997,-0,3295,0,9795,0,9996,0,0215,0,000000
2026-04-16 14:11:33.068,61,816,1,5667,430,7384,4,3934,200,0046,22,2216,-2,0815,2,5794,-0,2228,1,7552,3,1074,0,0000,0,0000,0,0000,3,8667,36,9386,4,3370,0,1853,0,0964,0,1836,-9,1024,96,9246,176,4699,0,5029,-0,0497,1,0990,0,5364,0,2974,-0,3163,0,9795,0,9934,0,0281,0,000000
2026-04-16 14:11:34.079,62,827,1,5667,438,7747,4,3577,533,3062,22,2199,-6,9498,2,4784,-0,2574,1,7534,3,1074,0,0000,0,0000,0,0000,3,7667,36,8778,4,3632,0,2128,0,0970,0,2110,-10,1132,96,4640,176,4699,0,4992,-0,0392,1,0990,0,5412,0,2947,-0,3402,0,9795,0,9855,0,0289,0,000000
2026-04-16 14:11:35.079,63,827,1,5667,432,6284,4,3517,311,1115,22,2195,-7,2661,2,4837,-0,2220,1,7480,3,1074,0,0000,0,0000,0,0000,3,9000,36,9617,4,3512,0,2185,0,0966,0,2138,-7,5995,97,0723,176,4699,0,4864,-0,0223,1,0990,0,5509,0,2940,-0,4002,0,9795,0,9713,0,0196,0,000000
2026-04-16 14:11:36.093,64,839,1,5000,442,4744,4,2712,777,7710,22,2204,-6,7475,2,3671,-0,2244,1,7706,3,1074,0,0000,0,0000,0,0000,3,9333,37,0184,4,2939,0,2163,0,0953,0,2126,-9,3632,99,8381,176,4699,0,4608,0,0622,1,0990,0,5768,0,2830,-0,5446,0,9795,0,9597,0,0092,0,000000
2026-04-16 14:11:37.091,65,839,1,5333,424,6432,4,4079,177,7916,22,2203,-6,8384,2,3937,-0,2228,1,7794,3,1074,0,0000,0,0000,0,0000,4,1333,36,8538,4,3480,0,2635,0,0966,0,2600,-11,3652,101,8123,176,4699,0,4711,0,0108,1,0990,0,5679,0,2783,-0,4934,0,9795,0,9493,0,0179,0,000000
2026-04-16 14:11:38.101,66,850,1,5667,416,0851,4,0881,3022,4460,22,2204,-5,3906,2,5097,-0,2021,1,7808,3,1074,0,0000,0,0000,0,0000,4,2667,36,8702,4,3968,0,2443,0,0977,0,2432,-11,1991,102,0312,176,4699,0,4637,0,0484,1,0990,0,5763,0,2749,-0,5491,0,9795,0,9386,0,0256,0,000000
2026-04-16 14:11:39.101,67,850,1,6000,392,5993,2,5671,2022,2400,22,2203,-5,4400,2,5400,-0,2241,1,7632,3,1074,0,0000,0,0000,0,0000,4,6000,36,9667,4,3268,0,2209,0,0961,0,2197,-13,5078,100,6099,176,4699,0,4500,0,1196,1,0990,0,5918,0,2710,-0,6608,0,9795,0,9246,0,0271,0,000000
2026-04-16 14:11:40.101,68,850,1,6667,365,7844,1,1249,1022,2280,22,2204,-5,2402,2,5855,-0,1768,1,7648,3,1264,0,0000,0,0000,0,0000,4,7333,36,9285,4,3296,0,2323,0,0961,0,2315,-11,6573,100,9839,176,4699,0,4466,0,1340,1,0990,0,5928,0,2706,-0,6619,0,9795,0,9079,0,0256,0,000000
2026-04-16 14:11:41.101,69,850,1,6667,355,1176,1,1066,155,5519,22,4674,18,8925,2,5977,-0,1788,1,7559,3,1264,0,0333,88,8594,0,0000,4,9667,37,0248,4,3940,0,1868,0,0976,0,1863,-10,7641,100,2619,176,4699,0,4509,0,1404,1,0990,0,5872,0,2755,-0,6407,0,9795,0,8884,0,0230,0,000000
2026-04-16 14:11:42.113,70,860,1,6667,364,0065,1,0359,222,2137,22,4723,18,6520,2,5470,-0,2158,1,7359,3,1264,0,0333,88,8594,0,0000,4,7000,37,1284,4,3786,0,1293,0,0973,0,1293,-14,3275,99,3979,176,4699,0,4396,0,1798,1,0021,0,5999,0,2696,-0,6877,0,9795,0,8737,0,0240,0,000000
2026-04-16 14:11:43.113,71,861,1,5667,389,6081,0,8900,644,4207,22,4733,18,6253,2,5431,-0,2010,1,7366,3,1264,0,0333,88,8594,0,0000,4,7000,37,2155,4,3632,0,1083,0,0969,0,1083,-11,9644,100,6376,176,4699,0,4473,0,1253,1,0021,0,5968,0,2699,-0,6553,0,9795,0,8633,0,0199,0,000000
2026-04-16 14:11:44.117,72,861,1,6000,378,2556,1,0173,200,0084,22,4698,18,7590,2,5662,-0,2133,1,7271,3,1264,0,0333,88,8594,0,0000,4,8333,37,1279,4,3772,0,1283,0,0972,0,1282,-13,1492,99,9327,176,4699,0,4558,0,0659,1,0021,0,5907,0,2679,-0,5743,0,9795,0,8552,0,0135,0,000000
2026-04-16 14:11:45.116,73,861,1,6000,377,7922,1,0007,177,7725,22,4698,18,7590,2,4338,-0,1772,1,7459,3,1264,0,0333,88,8594,0,0000,4,7000,37,1541,4,3462,0,1081,0,0965,0,1078,-9,9182,100,3115,176,4699,0,4677,0,0177,1,0021,0,5850,0,2657,-0,5425,0,9795,0,8466,0,0084,0,000000
2026-04-16 14:11:46.122,74,872,1,6667,354,2368,1,1563,133,3389,22,4603,19,1284,2,4429,-0,2300,1,7286,3,1264,0,0333,88,8594,0,0000,4,7667,37,1948,4,3312,0,0857,0,0962,0,0859,-10,0116,99,3961,176,4699,0,4785,0,0005,1,0021,0,5761,0,2683,-0,5267,0,9795,0,8409,0,0107,0,000000
2026-04-16 14:11:47.135,75,883,1,6333,358,2910,1,1310,622,2191,22,4541,19,3880,2,5033,-0,2534,1,7258,3,1264,0,0333,88,8594,0,0000,4,7333,37,1718,4,3344,0,0463,0,0963,0,0463,-10,7823,99,7361,176,4699,0,4595,0,0607,1,0021,0,5974,0,2555,-0,6056,0,9795,0,8350,0,0160,0,000000
2026-04-16 14:11:48.136,76,883,1,7000,349,4682,1,2838,266,6245,22,4584,19,2066,2,4810,-0,2713,1,7366,3,1264,0,0333,88,8594,0,0000,4,5667,37,2296,4,4088,0,0463,0,0980,0,0461,-11,3141,100,3056,176,4699,0,4612,0,0505,1,0021,0,5942,0,2598,-0,5526,0,9795,0,8227,0,0200,0,000000
2026-04-16 14:11:49.136,77,883,1,6667,361,3470,1,1767,222,1985,22,4650,18,9446,2,4546,-0,2997,1,7310,3,1264,0,0333,88,8594,0,0000,4,5333,37,2922,4,3975,0,0451,0,0977,0,0452,-11,8855,100,1830,176,4699,0,4684,0,0194,1,0021,0,5919,0,2598,-0,5602,0,9795,0,8099,0,0200,0,000000
2026-04-16 14:11:50.144,78,894,1,6667,359,1220,1,1635,355,5565,22,4579,19,2326,2,4990,-0,2598,1,7254,3,1264,0,0333,88,8594,0,0000,4,6000,37,2940,4,3782,0,0432,0,0973,0,0427,-10,6148,100,8885,176,4699,0,4621,0,0270,1,0021,0,5979,0,2560,-0,6176,0,9795,0,7971,0,0194,0,000000
2026-04-16 14:11:51.145,79,894,1,6667,360,4556,1,1981,288,8641,22,4559,19,3104,2,4514,-0,3071,1,7231,3,1264,0,0333,88,8594,0,0000,4,5000,37,0758,4,2881,0,0869,0,0953,0,0855,-12,4988,100,7630,176,4699,0,4751,-0,0303,1,0021,0,5844,0,2522,-0,5897,0,9765,0,7864,0,0149,0,000000
2026-04-16 14:11:52.144,80,894,1,6667,359,5669,1,1209,111,1069,22,4552,19,3364,2,5255,-0,2871,1,7049,3,1264,0,0333,88,8594,0,0000,4,5000,37,0970,4,3243,0,0890,0,0961,0,0874,-9,8270,100,2543,176,4699,0,4772,-0,0433,1,0021,0,5863,0,2484,-0,6261,0,9765,0,7804,0,0083,0,000000
2026-04-16 14:11:53.158,81,905,1,6000,379,6436,0,9940,333,3321,22,4609,19,1024,2,5281,-0,3351,1,6935,3,1264,0,0333,88,8594,0,0000,4,3333,37,1476,4,3264,0,0929,0,0961,0,0912,-11,0360,100,8281,176,4699,0,4751,-0,0263,1,0021,0,5881,0,2514,-0,6386,0,9765,0,7770,0,0051,0,000000
2026-04-16 14:11:54.167,82,916,1,6333,378,6979,1,0191,1044,4600,22,4674,18,8388,2,6040,-0,2514,1,6985,3,1264,0,0333,88,8594,0,0000,4,2667,37,1751,4,3437,0,0757,0,0965,0,0736,-9,2200,101,1286,176,4699,0,4665,0,0590,1,0021,0,5989,0,2445,-0,6868,0,9765,0,7748,0,0046,0,000000
2026-04-16 14:11:55.179,83,927,1,7000,362,1025,1,0330,511,1160,22,4634,18,9974,2,5638,-0,2577,1,7000,3,1264,0,0333,88,8594,0,0000,4,2000,37,0124,4,3555,0,1095,0,0968,0,1070,-12,9021,101,5820,176,4699,0,4512,0,1773,1,0021,0,6003,0,2465,-0,6937,0,9765,0,7737,0,0055,0,000000
2026-04-16 14:11:56.180,84,927,1,7000,367,7698,1,0103,177,7687,22,4692,18,7592,2,6728,-0,3500,1,6830,3,1264,0,0333,88,8594,0,0000,4,1667,36,9438,4,3344,0,1329,0,0963,0,1304,-15,2093,100,8287,176,4699,0,4527,0,1639,1,0021,0,5968,0,2456,-0,6801,0,9765,0,7690,0,0119,0,000000
2026-04-16 14:11:57.191,85,939,1,7000,372,5625,1,0031,622,2496,22,4747,18,5448,2,6484,-0,3168,1,6679,3,1264,0,0333,88,8594,0,0000,4,0667,36,8102,4,3597,0,1899,0,0969,0,1879,-16,2788,98,2548,165,0757,0,4487,0,1486,1,0021,0,6023,0,2367,-0,6869,0,9765,0,7613,0,0144,0,000000
2026-04-16 14:11:58.189,86,939,1,7000,371,2564,1,0110,555,5649,22,4738,18,5719,2,6151,-0,2904,1,6694,3,1264,0,0333,88,8594,0,0000,4,0667,36,8552,4,3295,0,1747,0,0962,0,1744,-12,1493,98,4604,165,0757,0,4554,0,1363,1,0021,0,5972,0,2382,-0,6281,0,9765,0,7540,0,0141,0,000000
2026-04-16 14:11:59.203,87,950,1,7000,368,2054,1,0564,800,1862,22,4715,18,6793,2,5960,-0,2444,1,6651,3,1264,0,0333,88,8594,0,0000,4,0000,36,8963,4,3020,0,1669,0,0956,0,1673,-9,6520,98,4305,165,0757,0,4503,0,1822,1,0021,0,6037,0,2382,-0,6943,0,9765,0,7433,0,0168,0,000000
2026-04-16 14:12:00.203,88,950,1,6667,376,9003,1,0183,755,5389,22,4728,18,6257,2,5884,-0,2382,1,6630,3,1264,0,0333,88,8594,0,0000,3,9333,36,8991,4,3022,0,1697,0,0956,0,1700,-9,6928,98,3706,165,0757,0,4549,0,1607,1,0021,0,6005,0,2388,-0,6728,0,9765,0,7299,0,0194,0,000000
2026-04-16 14:12:01.212,89,961,1,6333,383,2309,2,1177,533,3405,22,4696,18,7327,2,5029,-0,2832,1,6645,3,1264,0,0333,88,8594,0,0000,3,9000,36,8826,4,3131,0,1702,0,0959,0,1692,-13,5461,98,9532,165,0757,0,4560,0,1485,1,0021,0,5991,0,2390,-0,6682,0,9765,0,7174,0,0225,0,000000
2026-04-16 14:12:02.211,90,961,1,6667,372,0128,2,1853,533,3328,22,4651,18,9185,2,4325,-0,2065,1,6472,3,1264,0,0333,88,8594,0,0000,3,9333,36,8179,4,3184,0,1938,0,0960,0,1922,-7,7423,98,2996,165,0757,0,4358,0,2411,1,0021,0,6139,0,2306,-0,7819,0,9765,0,7098,0,0194,0,000000
2026-04-16 14:12:03.224,91,972,1,6667,375,1231,2,1360,511,0855,22,4678,18,8125,2,4180,-0,2238,1,6485,3,1264,0,0333,88,8594,0,0000,3,8333,36,9472,4,3515,0,1564,0,0967,0,1550,-11,6352,98,8348,165,0757,0,4359,0,2457,1,0021,0,6161,0,2330,-0,8028,0,9765,0,7002,0,0119,0,000000
2026-04-16 14:12:04.226,92,972,1,6333,383,2327,2,0377,377,7466,22,4726,18,6801,2,4310,-0,2400,1,6447,3,1264,0,0333,88,8594,0,0000,3,8667,36,8398,4,3600,0,2062,0,0969,0,2051,-15,4121,98,1636,165,0757,0,4338,0,2626,1,0021,0,6152,0,2308,-0,8229,0,9765,0,6928,0,0094,0,000000
2026-04-16 14:12:05.225,93,972,1,6333,389,5828,2,0222,222,2214,22,4739,18,6267,2,4402,-0,2708,1,6632,3,1264,0,0333,88,8594,0,0000,3,7667,36,7887,4,3341,0,2007,0,0964,0,2027,-16,5710,97,2746,165,0757,0,4335,0,2874,1,0021,0,6134,0,2332,-0,7987,0,9765,0,6923,0,0088,0,000000
2026-04-16 14:12:06.225,94,972,1,6667,385,3474,1,9696,133,3466,22,4843,18,2470,2,5108,-0,2836,1,6755,3,1264,0,0333,88,8594,0,0000,3,7667,36,6686,4,3762,0,2488,0,0973,0,2512,-15,7436,98,6854,165,0757,0,4420,0,2492,1,0021,0,6035,0,2355,-0,7400,0,9765,0,6933,0,0086,0,000000
2026-04-16 14:12:07.234,95,983,1,6333,401,3730,1,9329,288,8947,22,4884,18,1094,2,4628,-0,3273,1,6571,3,1264,0,0333,88,8594,0,0000,3,5667,36,8243,4,3226,0,2009,0,0961,0,2038,-17,2103,96,3404,165,0757,0,4463,0,2185,1,0021,0,6047,0,2365,-0,7331,0,9765,0,6876,0,0099,0,000000
2026-04-16 14:12:08.247,96,994,1,6333,394,1149,1,9268,133,3618,22,4796,18,4110,2,4259,-0,3434,1,6646,3,1264,0,0333,88,8594,0,0000,3,6667,36,7301,4,3295,0,2241,0,0962,0,2231,-18,9133,97,1908,172,5515,0,4435,0,2471,1,0021,0,6029,0,2399,-0,7293,0,9707,0,6813,0,0133,0,000000
2026-04-16 14:12:09.246,97,994,1,6333,398,6499,1,8853,155,5557,22,4863,18,1923,2,4299,-0,3670,1,6787,3,1264,0,0333,88,8594,0,0000,3,4000,36,4999,4,4157,0,2839,0,0982,0,2830,-16,8025,98,5063,172,5515,0,4584,0,1820,1,0021,0,5845,0,2413,-0,6012,0,9707,0,6757,0,0172,0,000000
2026-04-16 14:12:10.256,99,005,1,5667,423,6509,1,6999,488,8916,22,2201,-8,1394,2,4003,-0,4433,1,6556,3,0116,0,0333,88,8594,0,0000,3,4333,36,3393,4,3727,0,3529,0,0973,0,3521,-23,9656,95,7288,172,5515,0,4539,0,2311,1,0021,0,5873,0,2352,-0,6776,0,9707,0,6661,0,0161,0,000000
2026-04-16 14:12:11.271,100,016,1,6000,411,5842,1,7862,333,3359,22,2202,-8,3034,2,3803,-0,3955,1,7013,3,0434,0,0000,0,0000,0,0000,3,4000,36,1835,4,2343,0,4034,0,0942,0,4021,-19,7211,101,2480,172,5515,0,4599,0,2269,1,0134,0,5840,0,2332,-0,6107,0,9707,0,6558,0,0119,0,000000
2026-04-16 14:12:12.269,101,016,1,6333,397,2879,1,9376,511,3678,22,2220,1,5229,2,4330,-0,4235,1,7176,3,0434,0,0000,0,0000,0,0000,3,4667,36,2726,4,2807,0,3801,0,0952,0,3780,-20,1745,100,8161,172,5515,0,4752,0,1891,1,0260,0,5733,0,2326,-0,5550,0,9707,0,6468,0,0118,0,000000
2026-04-16 14:12:13.280,102,028,1,6000,398,1516,1,9556,222,2214,22,2219,1,5439,2,4142,-0,4263,1,7036,3,0434,0,0000,0,0000,0,0000,3,5000,36,0107,4,2416,0,4586,0,0943,0,4568,-21,5727,98,9669,172,5515,0,4649,0,2444,1,0260,0,5762,0,2323,-0,5898,0,9707,0,6359,0,0187,0,000000
2026-04-16 14:12:14.278,103,028,1,5333,402,8980,1,8970,155,5481,22,2221,1,5321,2,2592,-0,4170,1,6683,3,0434,0,0000,0,0000,0,0000,3,4000,35,9822,4,2167,0,5059,0,0938,0,5038,-14,4673,96,6070,172,5515,0,4589,0,3607,1,1850,0,5881,0,2265,-0,6938,0,9707,0,6108,0,0440,0,000000
2026-04-16 14:12:15.291,104,039,1,5000,418,2704,1,8430,177,7878,22,2221,1,5215,2,2297,-0,3653,1,7309,3,0995,0,0000,0,0000,0,0000,3,4000,36,0742,4,2341,0,4696,0,0942,0,4670,-14,0247,98,7010,172,5515,0,4714,0,5982,1,3082,0,5841,0,2338,-0,6785,0,9707,0,5806,0,0566,0,000000
2026-04-16 14:12:16.299,105,050,1,4333,442,3752,1,7299,199,9817,22,2222,1,8323,2,2385,-0,3798,1,7270,3,0995,0,0000,0,0000,0,0000,3,4333,36,0951,4,1943,0,4680,0,0932,0,4646,-17,8409,98,2946,172,5515,0,4680,0,6153,1,3082,0,5929,0,2290,-0,6496,0,9707,0,5522,0,0545,0,000000
2026-04-16 14:12:17.301,106,050,1,4000,454,4950,1,6344,222,2214,22,2223,1,8628,2,2967,-0,3816,1,7799,3,0995,0,0000,0,0000,0,0000,3,3000,36,0408,4,2830,0,5194,0,0952,0,5159,-17,1372,100,6534,176,8949,0,4849,0,6345,1,3433,0,5790,0,2348,-0,5950,0,9707,0,5269,0,0414,0,000000
2026-04-16 14:12:18.303,107,050,1,4333,439,7915,1,7019,688,9038,22,2224,1,8603,2,3586,-0,2676,1,8069,3,1202,0,0000,0,0000,0,0000,3,5000,35,9810,4,1668,0,4963,0,0926,0,4931,-4,3587,105,8879,178,7741,0,5177,0,4360,1,3433,0,5574,0,2411,-0,5668,0,9707,0,5063,0,0149,0,000000
2026-04-16 14:12:19.313,108,061,1,4000,434,9198,1,7701,222,0840,22,2224,1,8306,2,4213,-0,2378,1,7752,3,1202,0,0000,0,0000,0,0000,3,8667,35,8055,4,0381,0,4958,0,0897,0,4932,-1,6056,101,0859,178,7741,0,5437,0,2496,1,3433,0,5308,0,2470,-0,4277,0,9707,0,5000,0,0002,0,000000
2026-04-16 14:12:20.324,109,072,1,3667,443,3620,1,6392,688,8809,22,2224,1,8649,2,3598,-0,2970,1,7963,3,1202,0,0000,0,0000,0,0000,3,8667,35,8692,4,0941,0,5101,0,0909,0,5081,-2,2796,100,3749,178,7741,0,5529,0,1907,1,3433,0,5213,0,2519,-0,3697,0,9707,0,5000,0,0000,0,000000
2026-04-16 14:12:21.336,110,083,1,3333,437,2240,1,6984,844,4595,22,2225,1,7358,2,3477,-0,3391,1,7872,3,1202,0,0000,0,0000,0,0000,3,8333,35,8901,4,1094,0,4930,0,0913,0,4906,-4,0434,101,9675,178,7741,0,5587,0,1880,1,3433,0,5181,0,2540,-0,3547,0,9707,0,5000,0,0000,0,000000
2026-04-16 14:12:22.345,111,094,1,3667,427,6437,1,8607,488,8916,22,2226,1,8013,2,3996,-0,2423,1,8828,3,1342,0,0000,0,0000,0,0000,3,8667,35,8316,4,0118,0,5070,0,0891,0,5054,-6,9447,104,8925,178,7741,0,5789,0,1176,1,3433,0,5022,0,2568,-0,2311,0,9707,0,5000,0,0000,0,000000
2026-04-16 14:12:23.347,112,094,1,2667,461,4057,1,5981,311,0809,22,2226,1,7968,2,3879,-0,2387,1,8888,3,1342,0,0000,0,0000,0,0000,3,8333,35,8428,4,0274,0,4974,0,0895,0,4959,-7,0570,105,3406,178,7741,0,5768,0,1328,1,3433,0,5059,0,2550,-0,2430,0,9707,0,5000,0,0000,0,000000
2026-04-16 14:12:24.359,113,105,1,2667,463,1607,1,6690,133,2169,22,2227,1,6603,2,3820,-0,2164,1,8938,3,1342,0,0000,0,0000,0,0000,3,8667,35,8551,4,0402,0,5070,0,0898,0,5058,-3,6159,105,3983,178,7741,0,5831,0,0989,1,3433,0,5067,0,2544,-0,2411,0,9707,0,5000,0,0000,0,000000
2026-04-16 14:12:25.366,114,116,1,2667,469,5956,1,7498,489,0289,22,2222,-1,4856,2,4184,-0,2518,1,9123,3,1342,0,0000,0,0000,0,0000,3,7000,35,9177,4,0412,0,5175,0,0898,0,5166,-0,8219,105,8670,178,7741,0,6016,0,0216,1,3433,0,4959,0,2542,-0,1774,0,9707,0,5000,0,0000,0,000000
2026-04-16 14:12:26.367,115,116,1,2333,462,4685,1,7313,244,4611,22,2223,-1,4911,2,3785,-0,2209,1,8625,3,1342,0,0000,0,0000,0,0000,3,9000,35,8339,4,0366,0,5679,0,0897,0,5670,-2,0754,104,1477,178,7741,0,6125,-0,0477,1,3433,0,4846,0,2557,-0,1253,0,9707,0,5000,0,0000,0,000000
2026-04-16 14:12:27.369,116,116,1,1667,487,6249,1,5470,644,4931,22,2223,-1,4802,2,5041,-0,1984,1,8900,3,1342,0,0000,0,0000,0,0000,3,8333,35,8480,4,0885,0,5333,0,0909,0,5323,-0,4912,106,4852,178,7741,0,6176,-0,0644,1,3433,0,4823,0,2586,-0,0942,0,9707,0,5000,0,0000,0,000000
2026-04-16 14:12:28.380,117,128,1,2000,473,4603,1,5628,199,9817,22,2225,-1,4368,2,5487,-0,2254,1,8824,3,1342,0,0000,0,0000,0,0000,3,7667,35,7089,3,9662,0,5381,0,0881,0,5370,-4,2440,106,9162,178,7741,0,6181,-0,0766,1,3433,0,4790,0,2573,-0,0983,0,9707,0,5000,0,0000,0,000000
2026-04-16 14:12:29.380,118,128,1,2000,464,8165,1,4958,1622,1690,22,2229,-1,4645,2,5229,-0,2607,1,9058,3,1342,0,0000,0,0000,0,0000,3,9333,35,7131,3,9915,0,5340,0,0887,0,5331,-0,4598,106,6515,178,7741,0,6223,-0,0345,1,3561,0,4822,0,2542,-0,1383,0,9707,0,5000,0,0000,0,000000
2026-04-16 14:12:30.380,119,128,1,2667,434,5043,1,4791,622,1771,22,2231,-1,3392,2,5329,-0,2474,1,9020,3,1342,0,0000,0,0000,0,0000,4,0667,35,7408,4,0023,0,5177,0,0890,0,5179,1,7706,105,6028,178,7741,0,6150,0,0124,1,3561,0,4905,0,2545,-0,1882,0,9707,0,5000,0,0000,0,000000
2026-04-16 14:12:31.380,120,128,1,2667,434,5042,1,4591,200,1266,22,2233,-1,3692,2,6227,-0,2467,1,9125,3,1342,0,0000,0,0000,0,0000,4,0000,35,6470,3,9477,0,5459,0,0878,0,5475,3,0512,106,2146,178,7741,0,6253,-0,0309,1,3561,0,4801,0,2530,-0,1620,0,9105,0,5000,0,0000,0,000000
2026-04-16 14:12:32.390,121,139,1,2333,454,0522,1,3448,911,0947,22,2229,-1,5083,2,6379,-0,2616,1,9149,3,1342,0,0000,0,0000,0,0000,3,9000,35,7261,3,9573,0,4901,0,0879,0,4927,1,2937,106,0961,178,7741,0,6363,-0,0202,1,3561,0,4763,0,2560,-0,0964,0,9105,0,5071,0,0778,0,000000
2026-04-16 14:12:33.389,122,139,1,3000,428,4869,1,5436,711,1130,22,2230,-1,3644,2,6564,-0,2572,1,9021,3,1342,0,0000,0,0000,0,0000,3,9667,35,6706,3,9820,0,4899,0,0885,0,4922,2,0673,105,1232,178,7741,0,6452,-0,0112,1,3561,0,4700,0,2546,-0,0687,0,9105,1,2469,1,5721,0,000000
2026-04-16 14:12:34.403,123,150,1,3333,423,8858,1,5323,333,3511,22,2231,-1,3615,2,6318,-0,2189,1,8938,3,1342,0,0000,0,0000,0,0000,3,9667,35,7008,3,9959,0,4615,0,0888,0,4639,2,8768,105,1767,178,7741,0,6507,0,0073,1,3561,0,4692,0,2543,-0,0589,0,9105,2,0683,2,0089,0,000000
2026-04-16 14:12:35.403,124,150,1,3000,435,3232,1,7284,155,5634,22,2233,-1,3785,2,6716,-0,2200,1,8972,3,1342,0,0000,0,0000,0,0000,3,9667,35,7008,3,9959,0,4615,0,0888,0,4639,2,8768,105,1767,178,7741,0,6507,0,0073,1,3561,0,4692,0,2543,-0,0589,0,9105,2,7601,1,9510,0,000000
2026-04-16 14:12:36.412,125,161,1,2333,461,2530,1,5169,400,0168,22,2233,-1,3819,2,5802,-0,2148,1,8648,3,1342,0,0000,0,0000,0,0000,3,8333,35,8301,3,9875,0,4157,0,0886,0,4180,2,9465,103,4072,178,7741,0,6627,-0,0561,1,3561,0,4637,0,2557,-0,0345,0,9105,3,3259,1,6476,0,000000
2026-04-16 14:12:37.413,126,161,1,2667,446,1888,1,5455,244,4077,22,2237,-0,9050,2,6238,-0,2591,1,8959,3,1342,0,0000,0,0000,0,0000,3,9667,35,7025,4,0595,0,4584,0,0902,0,4602,-3,3689,109,5168,178,7741,0,6792,-0,1737,1,3561,0,4366,0,2629,0,0429,0,9105,3,9443,0,7787,0,000000
2026-04-16 14:12:38.424,127,172,1,2667,445,0195,1,5431,1177,7800,22,2236,-2,1187,2,5891,-0,1717,1,9406,3,1405,0,0000,0,0000,0,0000,3,9667,36,0010,4,0941,0,3574,0,0910,0,3596,-0,2520,106,9518,178,7741,0,7230,-0,3619,1,3561,0,4117,0,2572,0,1646,0,9083,3,6516,0,6901,0,000000
2026-04-16 14:12:39.425,128,172,1,3667,411,9136,1,8514,444,4504,22,2241,-1,7443,2,5747,-0,1577,1,9376,3,1405,0,0000,0,0000,0,0000,4,1333,36,0101,4,0825,0,3593,0,0907,0,3614,-0,1400,106,5482,178,7741,0,7263,-0,3820,1,3561,0,4072,0,2569,0,1866,0,9083,3,1425,0,6812,0,000000
2026-04-16 14:12:40.434,129,183,1,3667,410,2841,1,7706,133,3313,22,2240,-1,7292,2,5911,-0,1224,1,9279,3,1405,0,0000,0,0000,0,0000,4,0667,36,2561,4,2197,0,3056,0,0937,0,3063,4,9306,106,3074,178,7741,0,7477,-0,4870,1,3561,0,3945,0,2581,0,3058,0,9731,2,6933,0,7379,0,000000
2026-04-16 14:12:41.435,130,183,1,3333,416,6523,1,7384,111,0992,22,2240,-1,7098,2,6447,-0,0936,1,8915,3,1405,0,0000,0,0000,0,0000,4,1333,36,3365,4,2236,0,2963,0,0938,0,2963,4,5765,101,5065,178,7741,0,7348,-0,4187,1,3561,0,4062,0,2601,0,2438,0,9731,2,3220,0,7141,0,000000
2026-04-16 14:12:42.447,131,194,1,3333,422,2080,1,7527,311,0962,22,2238,-1,9178,2,6182,-0,0512,1,8845,3,1405,0,0000,0,0000,0,0000,4,1333,36,2069,4,1710,0,3177,0,0926,0,3172,3,3207,102,3482,178,7741,0,7190,-0,3594,1,3561,0,4111,0,2659,0,2203,0,9731,1,8596,0,4891,0,000000
2026-04-16 14:12:43.447,132,194,1,3000,434,7452,1,6248,555,5115,22,2237,-1,9062,2,6061,-0,0457,1,8787,3,1405,0,0000,0,0000,0,0000,4,1333,36,3575,4,1855,0,2756,0,0930,0,2756,3,6580,102,0024,178,7741,0,7196,-0,4043,1,3561,0,4098,0,2673,0,2456,0,9731,1,5544,0,3278,0,000000
2026-04-16 14:12:44.455,133,205,1,3333,428,8765,1,6047,399,9939,22,2236,-1,3713,2,7915,-0,0473,1,8943,3,1405,0,0000,0,0000,0,0000,4,2667,36,3652,4,2639,0,2636,0,0947,0,2630,-0,6059,103,0378,178,7741,0,7114,-0,4312,1,3561,0,4035,0,2670,0,2709,0,9731,1,3349,0,2596,0,000000
2026-04-16 14:12:45.456,134,205,1,3333,421,6552,1,6047,866,6534,22,6822,20,8085,3,3175,-0,0404,1,9083,3,1405,0,0333,200,0000,0,0000,4,3000,36,3490,4,2279,0,2660,0,0939,0,2658,0,9298,105,0459,178,7741,0,7100,-0,5286,1,3561,0,3962,0,2666,0,2955,0,9731,1,1550,0,2561,0,000000
2026-04-16 14:12:46.468,135,216,1,3667,419,5013,1,6245,266,6626,22,6897,20,6396,3,2946,-0,0258,1,9183,3,1405,0,0667,511,1172,0,0000,4,1333,36,3250,4,2156,0,2769,0,0937,0,2771,3,5379,105,9555,178,7741,0,7148,-0,5637,1,3561,0,3903,0,2652,0,3005,0,9731,0,9946,0,2447,0,000000
2026-04-16 14:12:47.467,136,216,1,3333,423,3223,1,5859,288,8870,22,6941,20,5425,3,2971,-0,0378,1,9079,3,1405,0,0667,511,1172,0,0000,4,1333,36,3250,4,2156,0,2769,0,0937,0,2771,3,5379,105,9555,178,7741,0,7148,-0,5637,1,3561,0,3903,0,2652,0,3005,0,9731,0,8247,0,2356,0,000000
2026-04-16 14:12:48.478,137,228,1,3333,423,3223,1,5859,288,8870,22,6941,20,5425,3,2971,-0,0378,1,9079,3,1405,0,0667,511,1172,0,0000,4,1333,36,3250,4,2156,0,2769,0,0937,0,2771,3,5379,105,9555,178,7741,0,7148,-0,5637,1,3561,0,3903,0,2652,0,3005,0,9731,0,7604,0,3973,0,000000
2026-04-16 14:12:49.490,138,239,1,3333,423,3223,1,5859,288,8870,22,6941,20,5425,3,2971,-0,0378,1,9079,3,1405,0,0667,511,1172,0,0000,4,1333,36,3250,4,2156,0,2769,0,0937,0,2771,3,5379,105,9555,178,7741,0,7148,-0,5637,1,3561,0,3903,0,2652,0,3005,0,9731,1,3001,1,2441,0,000000
2026-04-16 14:12:50.489,139,239,1,3333,423,3223,1,5859,288,8870,22,6941,20,5425,3,2971,-0,0378,1,9079,3,1405,0,0667,511,1172,0,0000,4,1333,36,3250,4,2156,0,2769,0,0937,0,2771,3,5379,105,9555,178,7741,0,7148,-0,5637,1,3561,0,3903,0,2652,0,3005,0,9731,1,6898,1,3266,0,000000
2026-04-16 14:12:51.491,140,239,1,1667,590,4608,4,2120,1577,7890,22,8588,17,6635,3,3134,0,0748,1,9162,3,1405,0,0667,511,1172,0,0000,3,0667,36,3827,4,4236,0,2734,0,0983,0,2724,-5,3421,105,2253,178,5172,0,6718,-0,4254,1,3561,0,4153,0,2735,0,1826,0,9731,1,8867,1,2372,0,000000
2026-04-16 14:12:52.500,141,250,1,2000,568,5033,4,4841,1022,2170,22,8588,17,6635,3,3904,0,1303,1,9047,3,1405,0,0667,511,1172,0,0000,3,4000,36,4500,4,6451,0,2824,0,1032,0,2814,12,9795,109,5680,178,5172,0,6744,-0,4668,1,3561,0,4149,0,2625,0,1801,0,9731,1,9722,1,1708,0,000000
2026-04-16 14:12:53.500,142,250,1,1667,584,1119,4,3008,177,7725,22,8588,17,6635,3,3904,0,1303,1,9047,3,1405,0,0667,511,1172,0,0000,3,4000,36,4500,4,6451,0,2824,0,1032,0,2814,12,9795,109,5680,178,5172,0,6744,-0,4668,1,3561,0,4149,0,2625,0,1801,0,9731,1,9170,1,1622,0,000000
2026-04-16 14:12:54.512,143,261,1,1000,632,3080,3,7356,666,6641,22,8882,17,2627,3,3243,0,1009,1,9130,3,1405,0,0667,511,1172,0,0000,3,2333,36,4071,4,5931,0,2762,0,1020,0,2750,11,0374,109,9726,178,5172,0,6763,-0,4884,1,3561,0,4036,0,2625,0,2481,0,9731,1,3436,0,8826,0,000000
2026-04-16 14:12:55.513,144,261,1,1333,610,4419,3,6541,777,9541,22,8782,17,4069,3,3416,0,0876,1,9059,3,1405,0,0667,511,1172,0,0000,3,4667,36,4650,4,5829,0,2412,0,1018,0,2397,2,7251,112,1181,178,5172,0,6494,-0,3125,1,3561,0,4335,0,2636,0,1075,0,9731,0,8927,0,5413,0,000000
2026-04-16 14:12:56.523,145,272,1,1333,607,8222,3,6658,688,8809,22,8893,17,2627,3,4703,0,0843,2,0274,3,1405,0,0667,511,1172,0,0000,3,5333,36,4862,4,5921,0,2137,0,1020,0,2119,-0,8276,115,5449,178,5172,0,6592,-0,3749,1,3561,0,4211,0,2645,0,1979,0,9731,0,6184,0,1559,0,000000
2026-04-16 14:12:57.534,146,282,1,1333,607,8222,3,6658,688,8809,22,8893,17,2627,3,4703,0,0843,2,0274,3,1405,0,0667,511,1172,0,0000,3,5333,36,4862,4,5921,0,2137,0,1020,0,2119,-0,8276,115,5449,178,5172,0,6592,-0,3749,1,3561,0,4211,0,2645,0,1979,0,9731,0,5299,0,0581,0,000000
2026-04-16 14:12:58.533,147,283,1,1333,607,8222,3,6658,688,8809,22,8893,17,2627,3,4703,0,0843,2,0274,3,1405,0,0667,511,1172,0,0000,3,5333,36,4862,4,5921,0,2137,0,1020,0,2119,-0,8276,115,5449,178,5172,0,6592,-0,3749,1,3561,0,4211,0,2645,0,1979,0,9731,0,5017,0,0076,0,000000
2026-04-16 14:12:59.545,148,294,1,1333,607,8222,3,6658,688,8809,22,8893,17,2627,3,4703,0,0843,2,0274,3,1405,0,0667,511,1172,0,0000,3,5333,36,4862,4,5921,0,2137,0,1020,0,2119,-0,8276,115,5449,178,5172,0,6592,-0,3749,1,3561,0,4211,0,2645,0,1979,0,9731,0,5000,0,0000,0,000000
2026-04-16 14:13:00.558,149,303,1,1333,607,8222,3,6658,688,8809,22,8893,17,2627,3,4703,0,0843,2,0274,3,1405,0,0667,511,1172,0,0000,3,5333,36,4862,4,5921,0,2137,0,1020,0,2119,-0,8276,115,5449,178,5172,0,6592,-0,3749,1,3561,0,4211,0,2645,0,1979,0,9731,0,5000,0,0000,0,000000
2026-04-16 14:13:01.567,150,311,1,1333,607,8222,3,6658,688,8809,22,8893,17,2627,3,4703,0,0843,2,0274,3,1405,0,0667,511,1172,0,0000,3,5333,36,4862,4,5921,0,2137,0,1020,0,2119,-0,8276,115,5449,178,5172,0,6592,-0,3749,1,3561,0,4211,0,2645,0,1979,0,9731,0,5000,0,0000,0,000000
2026-04-16 14:13:02.579,151,317,1,1333,607,8222,3,6658,688,8809,22,8893,17,2627,3,4703,0,0843,2,0274,3,1405,0,0667,511,1172,0,0000,3,5333,36,4862,4,5921,0,2137,0,1020,0,2119,-0,8276,115,5449,178,5172,0,6592,-0,3749,1,3561,0,4211,0,2645,0,1979,0,9731,0,5000,0,0000,0,000000
2026-04-16 14:13:03.590,152,325,1,1333,607,8222,3,6658,688,8809,22,8893,17,2627,3,4703,0,0843,2,0274,3,1405,0,0667,511,1172,0,0000,3,5333,36,4862,4,5921,0,2137,0,1020,0,2119,-0,8276,115,5449,178,5172,0,6592,-0,3749,1,3561,0,4211,0,2645,0,1979,0,9731,0,5000,0,0000,0,000000
2026-04-16 14:13:04.592,153,327,1,1333,607,8222,3,6658,688,8809,22,8893,17,2627,3,4703,0,0843,2,0274,3,1405,0,0667,511,1172,0,0000,3,5333,36,4862,4,5921,0,2137,0,1020,0,2119,-0,8276,115,5449,178,5172,0,6592,-0,3749,1,3561,0,4211,0,2645,0,1979,0,9731,0,7438,0,6610,0,000000
2026-04-16 14:13:05.592,154,328,1,1333,607,8222,3,6658,688,8809,22,8893,17,2627,3,4703,0,0843,2,0274,3,1405,0,0667,511,1172,0,0000,3,5333,36,4862,4,5921,0,2137,0,1020,0,2119,-0,8276,115,5449,178,5172,0,6592,-0,3749,1,3561,0,4211,0,2645,0,1979,0,9731,1,1480,0,9408,0,000000
2026-04-16 14:13:06.591,155,330,1,1333,607,8222,3,6658,688,8809,22,8893,17,2627,3,4703,0,0843,2,0274,3,1405,0,0667,511,1172,0,0000,3,5333,36,4862,4,5921,0,2137,0,1020,0,2119,-0,8276,115,5449,178,5172,0,6592,-0,3749,1,3561,0,4211,0,2645,0,1979,0,9731,1,4968,0,9619,0,000000
2026-04-16 14:13:07.602,156,335,1,1333,607,8222,3,6658,688,8809,22,8893,17,2627,3,4703,0,0843,2,0274,3,1405,0,0667,511,1172,0,0000,3,5333,36,4862,4,5921,0,2137,0,1020,0,2119,-0,8276,115,5449,178,5172,0,6592,-0,3749,1,3561,0,4211,0,2645,0,1979,0,9731,1,7232,0,8354,0,000000
2026-04-16 14:13:08.601,157,336,1,1333,607,8222,3,6658,688,8809,22,8893,17,2627,3,4703,0,0843,2,0274,3,1405,0,0667,511,1172,0,0000,3,5333,36,4862,4,5921,0,2137,0,1020,0,2119,-0,8276,115,5449,178,5172,0,6592,-0,3749,1,3561,0,4211,0,2645,0,1979,0,9731,1,7972,0,7801,0,000000
2026-04-16 14:13:09.601,158,338,1,1333,607,8222,3,6658,688,8809,22,8893,17,2627,3,4703,0,0843,2,0274,3,1405,0,0667,511,1172,0,0000,3,5333,36,4862,4,5921,0,2137,0,1020,0,2119,-0,8276,115,5449,178,5172,0,6592,-0,3749,1,3561,0,4211,0,2645,0,1979,0,9731,1,7214,0,8238,0,000000
2026-04-16 14:13:10.603,159,342,1,1333,607,8222,3,6658,688,8809,22,8893,17,2627,3,4703,0,0843,2,0274,3,1405,0,0667,511,1172,0,0000,3,5333,36,4862,4,5921,0,2137,0,1020,0,2119,-0,8276,115,5449,178,5172,0,6592,-0,3749,1,3561,0,4211,0,2645,0,1979,0,9731,1,1069,0,7382,0,000000
2026-04-16 14:13:11.611,160,349,1,1333,607,8222,3,6658,688,8809,22,8893,17,2627,3,4703,0,0843,2,0274,3,1405,0,0667,511,1172,0,0000,3,5333,36,4862,4,5921,0,2137,0,1020,0,2119,-0,8276,115,5449,178,5172,0,6592,-0,3749,1,3561,0,4211,0,2645,0,1979,0,9731,0,7485,0,4690,0,000000
2026-04-16 14:13:12.623,161,360,1,1333,607,8222,3,6658,688,8809,22,8893,17,2627,3,4703,0,0843,2,0274,3,1405,0,0667,511,1172,0,0000,3,5333,36,4862,4,5921,0,2137,0,1020,0,2119,-0,8276,115,5449,178,5172,0,6592,-0,3749,1,3561,0,4211,0,2645,0,1979,0,9731,0,5199,0,0760,0,000000
2026-04-16 14:13:13.624,162,365,1,1333,607,8222,3,6658,688,8809,22,8893,17,2627,3,4703,0,0843,2,0274,3,1405,0,0667,511,1172,0,0000,3,5333,36,4862,4,5921,0,2137,0,1020,0,2119,-0,8276,115,5449,178,5172,0,6592,-0,3749,1,3561,0,4211,0,2645,0,1979,0,9731,0,5000,0,0000,0,000000
2026-04-16 14:13:14.626,163,366,1,1333,607,8222,3,6658,688,8809,22,8893,17,2627,3,4703,0,0843,2,0274,3,1405,0,0667,511,1172,0,0000,3,5333,36,4862,4,5921,0,2137,0,1020,0,2119,-0,8276,115,5449,178,5172,0,6592,-0,3749,1,3561,0,4211,0,2645,0,1979,0,9731,0,5000,0,0000,0,000000
2026-04-16 14:13:15.635,164,372,1,1333,607,8222,3,6658,688,8809,22,8893,17,2627,3,4703,0,0843,2,0274,3,1405,0,0667,511,1172,0,0000,3,5333,36,4862,4,5921,0,2137,0,1020,0,2119,-0,8276,115,5449,178,5172,0,6592,-0,3749,1,3561,0,4211,0,2645,0,1979,0,9731,0,5000,0,0000,0,000000
2026-04-16 14:13:16.637,165,373,1,1333,607,8222,3,6658,688,8809,22,8893,17,2627,3,4703,0,0843,2,0274,3,1405,0,0667,511,1172,0,0000,3,5333,36,4862,4,5921,0,2137,0,1020,0,2119,-0,8276,115,5449,178,5172,0,6592,-0,3749,1,3561,0,4211,0,2645,0,1979,0,9731,0,5000,0,0000,0,000000
2026-04-16 14:13:17.634,166,377,1,1333,607,8222,3,6658,688,8809,22,8893,17,2627,3,4703,0,0843,2,0274,3,1405,0,0667,511,1172,0,0000,3,5333,36,4862,4,5921,0,2137,0,1020,0,2119,-0,8276,115,5449,178,5172,0,6592,-0,3749,1,3561,0,4211,0,2645,0,1979,0,9731,0,5000,0,0000,0,000000
2026-04-16 14:13:18.633,167,375,1,1333,607,8222,3,6658,688,8809,22,8893,17,2627,3,4703,0,0843,2,0274,3,1405,0,0667,511,1172,0,0000,3,5333,36,4862,4,5921,0,2137,0,1020,0,2119,-0,8276,115,5449,178,5172,0,6592,-0,3749,1,3561,0,4211,0,2645,0,1979,0,9731,0,5000,0,0000,0,000000
2026-04-16 14:13:19.644,168,384,1,1333,607,8222,3,6658,688,8809,22,8893,17,2627,3,4703,0,0843,2,0274,3,1405,0,0667,511,1172,0,0000,3,5333,36,4862,4,5921,0,2137,0,1020,0,2119,-0,8276,115,5449,178,5172,0,6592,-0,3749,1,3561,0,4211,0,2645,0,1979,0,9731,0,5000,0,0000,0,000000
2026-04-16 14:13:20.656,169,395,1,1333,607,8222,3,6658,688,8809,22,8893,17,2627,3,4703,0,0843,2,0274,3,1405,0,0667,511,1172,0,0000,3,5333,36,4862,4,5921,0,2137,0,1020,0,2119,-0,8276,115,5449,178,5172,0,6592,-0,3749,1,3561,0,4211,0,2645,0,1979,0,9731,0,5000,0,0000,0,000000
2026-04-16 14:13:21.655,170,396,1,1333,607,8222,3,6658,688,8809,22,8893,17,2627,3,4703,0,0843,2,0274,3,1405,0,0667,511,1172,0,0000,3,5333,36,4862,4,5921,0,2137,0,1020,0,2119,-0,8276,115,5449,178,5172,0,6592,-0,3749,1,3561,0,4211,0,2645,0,1979,0,9731,0,5000,0,0000,0,000000
2026-04-16 14:13:22.656,171,399,1,1333,607,8222,3,6658,688,8809,22,8893,17,2627,3,4703,0,0843,2,0274,3,1405,0,0667,511,1172,0,0000,3,5333,36,4862,4,5921,0,2137,0,1020,0,2119,-0,8276,115,5449,178,5172,0,6592,-0,3749,1,3561,0,4211,0,2645,0,1979,0,9731,0,5000,0,0000,0,000000
2026-04-16 14:13:23.667,172,409,1,1333,607,8222,3,6658,688,8809,22,8893,17,2627,3,4703,0,0843,2,0274,3,1405,0,0667,511,1172,0,0000,3,5333,36,4862,4,5921,0,2137,0,1020,0,2119,-0,8276,115,5449,178,5172,0,6592,-0,3749,1,3561,0,4211,0,2645,0,1979,0,9731,0,5000,0,0000,0,000000
2026-04-16 14:13:24.678,173,415,1,1333,607,8222,3,6658,688,8809,22,8893,17,2627,3,4703,0,0843,2,0274,3,1405,0,0667,511,1172,0,0000,3,5333,36,4862,4,5921,0,2137,0,1020,0,2119,-0,8276,115,5449,178,5172,0,6592,-0,3749,1,3561,0,4211,0,2645,0,1979,0,9731,0,5000,0,0000,0,000000
2026-04-16 14:13:25.678,174,422,1,1333,607,8222,3,6658,688,8809,22,8893,17,2627,3,4703,0,0843,2,0274,3,1405,0,0667,511,1172,0,0000,3,5333,36,4862,4,5921,0,2137,0,1020,0,2119,-0,8276,115,5449,178,5172,0,6592,-0,3749,1,3561,0,4211,0,2645,0,1979,0,9731,0,5000,0,0000,0,000000
2026-04-16 14:13:26.689,175,431,1,1333,607,8222,3,6658,688,8809,22,8893,17,2627,3,4703,0,0843,2,0274,3,1405,0,0667,511,1172,0,0000,3,5333,36,4862,4,5921,0,2137,0,1020,0,2119,-0,8276,115,5449,178,5172,0,6592,-0,3749,1,3561,0,4211,0,2645,0,1979,0,9731,0,5000,0,0000,0,000000
2026-04-16 14:13:27.700,176,441,1,1333,607,8222,3,6658,688,8809,22,8893,17,2627,3,4703,0,0843,2,0274,3,1405,0,0667,511,1172,0,0000,3,5333,36,4862,4,5921,0,2137,0,1020,0,2119,-0,8276,115,5449,178,5172,0,6592,-0,3749,1,3561,0,4211,0,2645,0,1979,0,9731,0,5000,0,0000,0,000000
2026-04-16 14:13:28.700,177,447,1,1333,607,8222,3,6658,688,8809,22,8893,17,2627,3,4703,0,0843,2,0274,3,1405,0,0667,511,1172,0,0000,3,5333,36,4862,4,5921,0,2137,0,1020,0,2119,-0,8276,115,5449,178,5172,0,6592,-0,3749,1,3561,0,4211,0,2645,0,1979,0,9731,0,5000,0,0000,0,000000
2026-04-16 14:13:29.711,178,453,1,1333,607,8222,3,6658,688,8809,22,8893,17,2627,3,4703,0,0843,2,0274,3,1405,0,0667,511,1172,0,0000,3,5333,36,4862,4,5921,0,2137,0,1020,0,2119,-0,8276,115,5449,178,5172,0,6592,-0,3749,1,3561,0,4211,0,2645,0,1979,0,9731,0,5000,0,0000,0,000000
2026-04-16 14:13:30.711,179,454,1,1333,607,8222,3,6658,688,8809,22,8893,17,2627,3,4703,0,0843,2,0274,3,1405,0,0667,511,1172,0,0000,3,5333,36,4862,4,5921,0,2137,0,1020,0,2119,-0,8276,115,5449,178,5172,0,6592,-0,3749,1,3561,0,4211,0,2645,0,1979,0,9731,0,5000,0,0000,0,000000
2026-04-16 14:13:31.722,180,463,1,1333,607,8222,3,6658,688,8809,22,8893,17,2627,3,4703,0,0843,2,0274,3,1405,0,0667,511,1172,0,0000,3,5333,36,4862,4,5921,0,2137,0,1020,0,2119,-0,8276,115,5449,178,5172,0,6592,-0,3749,1,3561,0,4211,0,2645,0,1979,0,9731,0,5000,0,0000,0,000000
2026-04-16 14:13:32.723,181,468,1,1333,607,8222,3,6658,688,8809,22,8893,17,2627,3,4703,0,0843,2,0274,3,1405,0,0667,511,1172,0,0000,3,5333,36,4862,4,5921,0,2137,0,1020,0,2119,-0,8276,115,5449,178,5172,0,6592,-0,3749,1,3561,0,4211,0,2645,0,1979,0,9731,0,5000,0,0000,0,000000
2026-04-16 14:13:33.734,182,476,1,1333,607,8222,3,6658,688,8809,22,8893,17,2627,3,4703,0,0843,2,0274,3,1405,0,0667,511,1172,0,0000,3,5333,36,4862,4,5921,0,2137,0,1020,0,2119,-0,8276,115,5449,178,5172,0,6592,-0,3749,1,3561,0,4211,0,2645,0,1979,0,9731,0,5000,0,0000,0,000000
2026-04-16 14:13:34.745,183,486,1,1333,607,8222,3,6658,688,8809,22,8893,17,2627,3,4703,0,0843,2,0274,3,1405,0,0667,511,1172,0,0000,3,5333,36,4862,4,5921,0,2137,0,1020,0,2119,-0,8276,115,5449,178,5172,0,6592,-0,3749,1,3561,0,4211,0,2645,0,1979,0,9731,0,5000,0,0000,0,000000
2026-04-16 14:13:35.745,184,487,1,1333,607,8222,3,6658,688,8809,22,8893,17,2627,3,4703,0,0843,2,0274,3,1405,0,0667,511,1172,0,0000,3,5333,36,4862,4,5921,0,2137,0,1020,0,2119,-0,8276,115,5449,178,5172,0,6592,-0,3749,1,3561,0,4211,0,2645,0,1979,0,9731,0,5000,0,0000,0,000000
2026-04-16 14:13:36.744,185,487,1,1333,607,8222,3,6658,688,8809,22,8893,17,2627,3,4703,0,0843,2,0274,3,1405,0,0667,511,1172,0,0000,3,5333,36,4862,4,5921,0,2137,0,1020,0,2119,-0,8276,115,5449,178,5172,0,6592,-0,3749,1,3561,0,4211,0,2645,0,1979,0,9731,0,5000,0,0000,0,000000
2026-04-16 14:13:37.745,186,491,1,1333,607,8222,3,6658,688,8809,22,8893,17,2627,3,4703,0,0843,2,0274,3,1405,0,0667,511,1172,0,0000,3,5333,36,4862,4,5921,0,2137,0,1020,0,2119,-0,8276,115,5449,178,5172,0,6592,-0,3749,1,3561,0,4211,0,2645,0,1979,0,9731,0,5000,0,0000,0,000000
2026-04-16 14:13:38.755,187,494,1,1333,607,8222,3,6658,688,8809,22,8893,17,2627,3,4703,0,0843,2,0274,3,1405,0,0667,511,1172,0,0000,3,5333,36,4862,4,5921,0,2137,0,1020,0,2119,-0,8276,115,5449,178,5172,0,6592,-0,3749,1,3561,0,4211,0,2645,0,1979,0,9731,0,5000,0,0000,0,000000
2026-04-16 14:13:39.766,188,505,1,1333,607,8222,3,6658,688,8809,22,8893,17,2627,3,4703,0,0843,2,0274,3,1405,0,0667,511,1172,0,0000,3,5333,36,4862,4,5921,0,2137,0,1020,0,2119,-0,8276,115,5449,178,5172,0,6592,-0,3749,1,3561,0,4211,0,2645,0,1979,0,9731,0,5000,0,0000,0,000000
