Timestamp,SessionTime,Num_of_Fixations,Mean_Fixation_Duration,SD_Fixation_Duration,Skew_Fixation_Duration,Max_Fixation_Duration,First_Fixation_Duration,Num_of_Saccade,Mean_Saccade_Duration,SD_Saccade_Duration,Skew_Saccade_Duration,Max_Saccade_Duration,Mean_Saccade_Amplitude,SD_Saccade_Amplitude,Skew_Saccade_Amplitude,Max_Saccade_Amplitude,Mean_Saccade_Direction,SD_Saccade_Direction,Skew_Saccade_Direction,Max_Saccade_Direction,Mean_Saccade_Length,SD_Saccade_Length,Skew_Saccade_Length,Max_Saccade_Length,Num_of_Blink,Mean_Blink_Duration,SD_Blink_Duration,Skew_Blink_Duration,Max_Blink_Duration,Num_of_Microsac,Mean_Microsac_Peak_Vel,SD_Microsac_Peak_Vel,Skew_Microsac_Peak_Vel,Max_Microsac_Peak_Vel,Mean_Microsac_Ampl,SD_Microsac_Ampl,Skew_Microsac_Ampl,Max_Microsac_Ampl,Mean_Microsac_Dir,SD_Microsac_Dir,Skew_Microsac_Dir,Max_Microsac_Dir,Mean_Microsac_H_Amp,SD_Microsac_H_Amp,Skew_Microsac_H_Amp,Max_Microsac_H_Amp,Mean_Microsac_V_Amp,SD_Microsac_V_Amp,Skew_Microsac_V_Amp,Max_Microsac_V_Amp
2026-04-16 13:59:02.322,3,019,0,0000,0,0000,0,0000,0,0000,0,0000,0,0000,0,0333,22,2483,0,0000,0,0000,22,2483,7,2080,0,0000,0,0000,7,2080,0,5337,0,0000,0,0000,0,5337,7,2080,0,0000,0,0000,7,2080,0,0000,0,0000,0,0000,0,0000,0,0000,0,0000,0,0000,0,0000,0,0000,0,0000,0,0000,0,0000,0,0000,0,0000,0,0000,0,0000,0,0000,0,0000,0,0000,0,0000,0,0000,0,0000,0,0000,0,0000,0,0000,0,0000
2026-04-16 13:59:02.830,3,530,0,0667,166,6596,55,5670,0,0000,222,2266,111,0926,0,2667,22,2241,0,0105,1,1339,22,2483,1,7479,2,0923,2,1519,7,2080,-2,1760,1,0742,1,9077,0,5337,1,7479,2,0923,2,1519,7,2080,0,0000,0,0000,0,0000,0,0000,0,0000,0,1667,33,8508,2,1795,-0,2594,36,4215,0,7522,0,0483,-0,2613,0,8089,-155,0479,8,8017,-0,6544,-144,4608,0,7354,0,0578,-0,0423,0,8176,0,3513,0,1271,-0,8124,0,4844
2026-04-16 13:59:03.341,4,042,0,0667,166,6596,55,5670,0,0000,222,2266,111,0926,0,6000,22,2649,0,1692,3,8634,22,9616,1,6555,1,6133,2,4471,7,2080,-1,6114,1,5481,1,3413,2,2953,1,6555,1,6133,2,4471,7,2080,0,0000,0,0000,0,0000,0,0000,0,0000,0,3333,35,4591,3,8268,0,7220,42,9499,0,7880,0,0852,0,7291,0,9553,-128,9792,62,1034,2,4915,54,0184,0,6675,0,1441,-0,9663,0,8176,0,4853,0,2104,-0,1192,0,7713
2026-04-16 13:59:03.964,4,664,0,1000,162,9605,45,6709,0,2387,222,2266,111,0926,0,8667,27,3800,25,6319,4,7998,155,5376,2,0562,2,3143,2,0395,9,0313,-0,6826,2,1615,0,5073,2,7214,2,0562,2,3143,2,0395,9,0313,0,0000,0,0000,0,0000,0,0000,0,0000,0,4667,36,0417,3,6841,0,2784,42,9499,0,8010,0,0820,0,2842,0,9553,-70,1456,128,4475,1,0218,155,9253,0,7251,0,1558,-0,9205,0,9203,0,4622,0,1831,0,2000,0,7713
2026-04-16 13:59:04.475,5,176,0,1333,216,6616,101,0731,0,6723,377,7647,111,0926,0,9333,27,0114,24,7353,5,0035,155,5376,1,9776,2,2486,2,1604,9,0313,-0,6127,2,0981,0,4224,2,7214,1,9776,2,2486,2,1604,9,0313,0,0000,0,0000,0,0000,0,0000,0,0000,0,5000,35,9283,3,5843,0,3699,42,9499,0,7984,0,0797,0,3759,0,9553,-64,3183,125,9931,0,8939,155,9253,0,7317,0,1526,-1,0273,0,9203,0,4486,0,1840,0,3153,0,7713
2026-04-16 13:59:04.985,5,687,0,2333,203,1722,92,3360,0,7589,377,7647,111,0926,1,0000,26,6924,23,9263,5,1992,155,5376,1,9058,2,1889,2,2764,9,0313,-0,5762,2,0330,0,3819,2,7214,1,9058,2,1889,2,2764,9,0313,0,0000,0,0000,0,0000,0,0000,0,0000,0,5667,36,4683,3,6788,0,0897,42,9499,0,8105,0,0818,0,0943,0,9553,-57,1888,120,0967,0,7513,155,9253,0,7595,0,1624,-0,9016,0,9848,0,4305,0,1808,0,4951,0,7713
2026-04-16 13:59:05.496,6,198,0,2333,276,1891,230,2885,1,5454,800,0107,111,0926,1,0000,26,6924,23,9263,5,1992,155,5376,1,9058,2,1889,2,2764,9,0313,-0,5762,2,0330,0,3819,2,7214,1,9058,2,1889,2,2764,9,0313,0,0000,0,0000,0,0000,0,0000,0,0000,0,5667,36,4683,3,6788,0,0897,42,9499,0,8105,0,0818,0,0943,0,9553,-57,1888,120,0967,0,7513,155,9253,0,7595,0,1624,-0,9016,0,9848,0,4305,0,1808,0,4951,0,7713
2026-04-16 13:59:06.008,6,709,0,2333,282,5375,244,7969,1,5961,844,4500,111,0926,1,4333,25,3416,20,0900,6,3261,155,5376,2,0170,2,0151,2,0948,9,0313,-0,8128,1,8555,0,6529,2,7214,2,0170,2,0151,2,0948,9,0313,0,0000,0,0000,0,0000,0,0000,0,0000,0,6667,36,4559,3,6708,0,1772,42,9499,0,8102,0,0816,0,1808,0,9553,-49,4315,114,4522,0,5862,155,9253,0,7296,0,1946,-1,1933,0,9848,0,4731,0,2025,0,4017,0,9067
2026-04-16 13:59:06.520,7,220,0,3000,261,7277,222,4164,1,8857,844,4500,111,0926,1,7000,24,8524,18,4820,6,9293,155,5376,1,8817,1,8856,2,3451,9,0313,-1,0474,1,7907,0,9099,2,7214,1,8817,1,8856,2,3451,9,0313,0,0000,0,0000,0,0000,0,0000,0,0000,0,8000,36,2781,4,1109,0,3270,44,6869,0,8064,0,0915,0,3281,0,9939,-62,7252,108,8401,0,8618,155,9253,0,6994,0,2311,-0,8337,1,0472,0,5115,0,2134,0,2855,0,9585
2026-04-16 13:59:07.031,7,731,0,3333,264,4474,212,5569,1,9092,844,4500,111,0926,1,9000,24,5748,17,5009,7,3493,155,5376,1,7882,1,8052,2,5327,9,0313,-0,9992,1,7167,0,8597,2,7214,1,7882,1,8052,2,5327,9,0313,0,0000,0,0000,0,0000,0,0000,0,0000,0,9333,36,7300,4,0924,0,1384,44,6869,0,8163,0,0909,0,1376,0,9939,-59,5491,102,6281,0,8168,155,9253,0,7230,0,2497,-0,4182,1,2827,0,5475,0,2193,0,0423,0,9585
2026-04-16 13:59:07.542,8,242,0,3667,270,7102,203,6304,1,8852,844,4500,111,0926,2,0333,24,4203,16,9274,7,6165,155,5376,1,7523,1,7512,2,6509,9,0313,-0,9883,1,6824,0,8526,2,7214,1,7523,1,7512,2,6509,9,0313,0,0000,0,0000,0,0000,0,0000,0,0000,0,9333,36,7300,4,0924,0,1384,44,6869,0,8163,0,0909,0,1376,0,9939,-59,5491,102,6281,0,8168,155,9253,0,7230,0,2497,-0,4182,1,2827,0,5475,0,2193,0,0423,0,9585
2026-04-16 13:59:08.052,8,753,0,3667,292,9326,221,7818,1,3969,844,4500,111,0926,2,3333,24,1377,15,8189,8,1858,155,5376,1,6366,1,6636,2,8811,9,0313,-1,1803,1,6511,1,0317,2,7214,1,6366,1,6636,2,8811,9,0313,0,0000,0,0000,0,0000,0,0000,0,0000,1,1667,36,2522,3,9081,0,3640,44,6869,0,8057,0,0868,0,3651,0,9939,-76,0972,97,7438,1,1396,155,9253,0,6744,0,2813,-0,4112,1,2827,0,5872,0,2127,-0,3332,0,9585
2026-04-16 13:59:08.563,9,264,0,4333,270,0880,210,9721,1,6447,844,4500,111,0926,2,6000,23,9405,14,9971,8,6606,155,5376,1,6028,1,5873,3,0371,9,0313,-0,8974,1,7964,0,7337,3,1314,1,6028,1,5873,3,0371,9,0313,0,0000,0,0000,0,0000,0,0000,0,0000,1,2333,36,2831,3,8032,0,3493,44,6869,0,8064,0,0845,0,3497,0,9939,-66,0194,104,0071,0,9159,155,9253,0,6872,0,2788,-0,5043,1,2827,0,5974,0,2113,-0,4270,0,9585
2026-04-16 13:59:09.074,9,775,0,4333,278,6349,208,3939,1,5962,844,4500,111,0926,2,8333,23,7991,14,3741,9,0556,155,5376,1,5725,1,5488,3,0728,9,0313,-0,8394,1,8078,0,6617,3,1314,1,5725,1,5488,3,0728,9,0313,0,0000,0,0000,0,0000,0,0000,0,0000,1,4000,36,0872,3,7417,0,4151,44,6869,0,8020,0,0830,0,4157,0,9939,-57,8290,105,4838,0,7753,155,9253,0,6752,0,2758,-0,4563,1,2827,0,6104,0,2026,-0,5827,0,9585
2026-04-16 13:59:09.585,10,287,0,5333,252,7844,195,7686,1,8895,844,4500,111,0926,3,0667,23,6790,13,8228,9,4341,155,5376,1,5679,1,5013,3,1267,9,0313,-0,8111,1,7583,0,6096,3,1314,1,5679,1,5013,3,1267,9,0313,0,0000,0,0000,0,0000,0,0000,0,0000,1,4667,35,9240,3,7407,0,4729,44,6869,0,7984,0,0830,0,4732,0,9939,-55,6518,103,5548,0,7240,155,9253,0,7188,0,3401,0,6323,1,8986,0,5957,0,2146,-0,6485,0,9585
2026-04-16 13:59:10.097,10,798,0,6000,240,7461,187,7232,2,0755,844,4500,111,0926,3,3667,23,5497,13,1990,9,8995,155,5376,1,5484,1,4399,3,2654,9,0313,-0,6106,1,9322,0,4995,3,1314,1,5484,1,4399,3,2654,9,0313,0,0000,0,0000,0,0000,0,0000,0,0000,1,5333,35,9249,3,8201,0,4253,44,6869,0,7984,0,0848,0,4254,0,9939,-60,7284,104,0435,0,7676,155,9253,0,7650,0,4032,1,0539,2,1181,0,5819,0,2233,-0,6275,0,9585
2026-04-16 13:59:10.608,11,309,0,6667,237,7829,181,0942,2,1144,844,4500,111,0926,3,5000,23,4991,12,9477,10,0995,155,5376,1,5463,1,4184,3,2942,9,0313,-0,6260,1,9046,0,5166,3,1314,1,5463,1,4184,3,2942,9,0313,0,0000,0,0000,0,0000,0,0000,0,0000,1,5667,36,1124,3,9876,0,4546,44,7396,0,8025,0,0885,0,4559,0,9947,-62,4853,103,6181,0,8007,155,9253,0,7794,0,4107,0,9662,2,1181,0,5856,0,2223,-0,6619,0,9585
2026-04-16 13:59:11.119,11,820,0,6667,263,3384,196,7977,1,6418,844,4500,111,0926,3,5000,23,4991,12,9477,10,0995,155,5376,1,5463,1,4184,3,2942,9,0313,-0,6260,1,9046,0,5166,3,1314,1,5463,1,4184,3,2942,9,0313,0,0000,0,0000,0,0000,0,0000,0,0000,1,5667,36,1124,3,9876,0,4546,44,7396,0,8025,0,0885,0,4559,0,9947,-62,4853,103,6181,0,8007,155,9253,0,7794,0,4107,0,9662,2,1181,0,5856,0,2223,-0,6619,0,9585
2026-04-16 13:59:11.630,12,331,0,6667,288,8951,263,5956,2,0631,1133,3530,111,0926,3,5000,23,4991,12,9477,10,0995,155,5376,1,5463,1,4184,3,2942,9,0313,-0,6260,1,9046,0,5166,3,1314,1,5463,1,4184,3,2942,9,0313,0,0000,0,0000,0,0000,0,0000,0,0000,1,5667,36,1124,3,9876,0,4546,44,7396,0,8025,0,0885,0,4559,0,9947,-62,4853,103,6181,0,8007,155,9253,0,7794,0,4107,0,9662,2,1181,0,5856,0,2223,-0,6619,0,9585
2026-04-16 13:59:12.141,12,842,0,7000,294,1854,271,4655,2,2423,1222,2300,111,0926,3,6667,23,4410,12,6528,10,3440,155,5376,1,5742,1,4064,3,2085,9,0313,-0,5131,1,9420,0,4255,3,1314,1,5742,1,4064,3,2085,9,0313,0,0000,0,0000,0,0000,0,0000,0,0000,1,5667,36,1124,3,9876,0,4546,44,7396,0,8025,0,0885,0,4559,0,9947,-62,4853,103,6181,0,8007,155,9253,0,7794,0,4107,0,9662,2,1181,0,5856,0,2223,-0,6619,0,9585
2026-04-16 13:59:12.653,13,353,0,7000,312,1745,284,2090,1,8914,1222,2300,111,0926,3,8333,23,3880,12,3772,10,5829,155,5376,1,5694,1,3769,3,2801,9,0313,-0,4361,1,9336,0,3269,3,1314,1,5694,1,3769,3,2801,9,0313,0,0000,0,0000,0,0000,0,0000,0,0000,1,5667,36,1124,3,9876,0,4546,44,7396,0,8025,0,0885,0,4559,0,9947,-62,4853,103,6181,0,8007,155,9253,0,7794,0,4107,0,9662,2,1181,0,5856,0,2223,-0,6619,0,9585
2026-04-16 13:59:13.164,13,864,0,7333,303,0353,280,8153,1,9527,1222,2300,111,0926,4,3000,23,2616,11,6919,11,2247,155,5376,1,5619,1,3267,3,3176,9,0313,-0,4523,1,8430,0,3629,3,1314,1,5619,1,3267,3,3176,9,0313,0,0000,0,0000,0,0000,0,0000,0,0000,1,7000,36,4122,4,0405,0,3812,44,7396,0,8092,0,0897,0,3829,0,9947,-59,1098,100,3785,0,7232,155,9253,0,8360,0,4606,0,9171,2,1181,0,5938,0,2202,-0,6486,0,9585
2026-04-16 13:59:13.675,14,376,0,7333,326,2674,285,0859,1,6989,1222,2300,111,0926,4,3000,23,2616,11,6919,11,2247,155,5376,1,5619,1,3267,3,3176,9,0313,-0,4523,1,8430,0,3629,3,1314,1,5619,1,3267,3,3176,9,0313,0,0000,0,0000,0,0000,0,0000,0,0000,1,7000,36,4122,4,0405,0,3812,44,7396,0,8092,0,0897,0,3829,0,9947,-59,1098,100,3785,0,7232,155,9253,0,8360,0,4606,0,9171,2,1181,0,5938,0,2202,-0,6486,0,9585
2026-04-16 13:59:14.186,14,887,0,7667,331,4063,302,5682,1,6075,1222,2300,111,0926,4,3667,23,2457,11,6030,11,3135,155,5376,1,5617,1,3209,3,3102,9,0313,-0,4820,1,8444,0,3869,3,1314,1,5617,1,3209,3,3102,9,0313,0,0000,0,0000,0,0000,0,0000,0,0000,1,7333,36,3022,4,0778,0,3915,44,7396,0,8068,0,0905,0,3931,0,9947,-60,6175,99,9901,0,7536,155,9253,0,8203,0,4697,0,8475,2,1181,0,5955,0,2184,-0,6740,0,9585
2026-04-16 13:59:14.697,15,398,0,8000,332,4120,295,1238,1,6566,1222,2300,111,0926,4,5000,23,2155,11,4311,11,4889,155,5376,1,5463,1,3048,3,3649,9,0313,-0,4763,1,8554,0,3721,3,1314,1,5463,1,3048,3,3649,9,0313,0,0000,0,0000,0,0000,0,0000,0,0000,1,8000,36,3304,4,1387,0,3757,44,7396,0,8074,0,0919,0,3773,0,9947,-59,1297,101,4319,0,7231,155,9253,0,8193,0,4618,0,8649,2,1181,0,6025,0,2183,-0,6971,0,9585
2026-04-16 13:59:15.208,15,909,0,8000,353,7110,310,8448,1,3749,1222,2300,111,0926,4,5000,23,2155,11,4311,11,4889,155,5376,1,5463,1,3048,3,3649,9,0313,-0,4763,1,8554,0,3721,3,1314,1,5463,1,3048,3,3649,9,0313,0,0000,0,0000,0,0000,0,0000,0,0000,1,8000,36,3304,4,1387,0,3757,44,7396,0,8074,0,0919,0,3773,0,9947,-59,1297,101,4319,0,7231,155,9253,0,8193,0,4618,0,8649,2,1181,0,6025,0,2183,-0,6971,0,9585
2026-04-16 13:59:15.719,16,420,0,8000,375,0046,356,3826,1,5036,1333,3340,111,0926,4,5000,23,2155,11,4311,11,4889,155,5376,1,5463,1,3048,3,3649,9,0313,-0,4763,1,8554,0,3721,3,1314,1,5463,1,3048,3,3649,9,0313,0,0000,0,0000,0,0000,0,0000,0,0000,1,8000,36,3304,4,1387,0,3757,44,7396,0,8074,0,0919,0,3773,0,9947,-59,1297,101,4319,0,7231,155,9253,0,8193,0,4618,0,8649,2,1181,0,6025,0,2183,-0,6971,0,9585
2026-04-16 13:59:16.231,16,931,0,8000,396,3009,422,2054,2,0222,1844,4440,111,0926,4,5000,23,2155,11,4311,11,4889,155,5376,1,5463,1,3048,3,3649,9,0313,-0,4763,1,8554,0,3721,3,1314,1,5463,1,3048,3,3649,9,0313,0,0000,0,0000,0,0000,0,0000,0,0000,1,8000,36,3304,4,1387,0,3757,44,7396,0,8074,0,0919,0,3773,0,9947,-59,1297,101,4319,0,7231,155,9253,0,8193,0,4618,0,8649,2,1181,0,6025,0,2183,-0,6971,0,9585
2026-04-16 13:59:16.742,17,442,0,8000,414,8202,489,6763,2,5107,2288,9080,111,0926,4,5667,23,2009,11,3480,11,5756,155,5376,1,5416,1,2966,3,3886,9,0313,-0,4711,1,8423,0,3662,3,1314,1,5416,1,2966,3,3886,9,0313,0,0000,0,0000,0,0000,0,0000,0,0000,1,8333,36,3584,4,1061,0,3582,44,7396,0,8080,0,0912,0,3599,0,9947,-58,1666,100,7544,0,6984,155,9253,0,8526,0,5190,1,2070,2,6531,0,5963,0,2212,-0,6421,0,9585
2026-04-16 13:59:17.253,17,953,0,8333,419,5607,480,3445,2,5245,2288,9080,111,0926,4,5667,23,2009,11,3480,11,5756,155,5376,1,5416,1,2966,3,3886,9,0313,-0,4711,1,8423,0,3662,3,1314,1,5416,1,2966,3,3886,9,0313,0,0000,0,0000,0,0000,0,0000,0,0000,1,8333,36,3584,4,1061,0,3582,44,7396,0,8080,0,0912,0,3599,0,9947,-58,1666,100,7544,0,6984,155,9253,0,8526,0,5190,1,2070,2,6531,0,5963,0,2212,-0,6421,0,9585
2026-04-16 13:59:17.763,18,464,0,8333,440,0052,495,3931,2,2572,2288,9080,111,0926,4,5667,23,2009,11,3480,11,5756,155,5376,1,5416,1,2966,3,3886,9,0313,-0,4711,1,8423,0,3662,3,1314,1,5416,1,2966,3,3886,9,0313,0,0000,0,0000,0,0000,0,0000,0,0000,1,8333,36,3584,4,1061,0,3582,44,7396,0,8080,0,0912,0,3599,0,9947,-58,1666,100,7544,0,6984,155,9253,0,8526,0,5190,1,2070,2,6531,0,5963,0,2212,-0,6421,0,9585
2026-04-16 13:59:18.274,18,976,0,8333,460,4493,529,3013,2,0496,2288,9080,111,0926,4,5667,23,2009,11,3480,11,5756,155,5376,1,5416,1,2966,3,3886,9,0313,-0,4711,1,8423,0,3662,3,1314,1,5416,1,2966,3,3886,9,0313,0,0000,0,0000,0,0000,0,0000,0,0000,1,8333,36,3584,4,1061,0,3582,44,7396,0,8080,0,0912,0,3599,0,9947,-58,1666,100,7544,0,6984,155,9253,0,8526,0,5190,1,2070,2,6531,0,5963,0,2212,-0,6421,0,9585
2026-04-16 13:59:18.786,19,487,0,8333,480,8936,578,7643,2,0457,2288,9080,111,0926,4,5667,23,2009,11,3480,11,5756,155,5376,1,5416,1,2966,3,3886,9,0313,-0,4711,1,8423,0,3662,3,1314,1,5416,1,2966,3,3886,9,0313,0,0000,0,0000,0,0000,0,0000,0,0000,1,8333,36,3584,4,1061,0,3582,44,7396,0,8080,0,0912,0,3599,0,9947,-58,1666,100,7544,0,6984,155,9253,0,8526,0,5190,1,2070,2,6531,0,5963,0,2212,-0,6421,0,9585
2026-04-16 13:59:19.298,19,998,0,8333,501,3389,640,1899,2,2134,2577,7870,111,0926,4,5667,23,2009,11,3480,11,5756,155,5376,1,5416,1,2966,3,3886,9,0313,-0,4711,1,8423,0,3662,3,1314,1,5416,1,2966,3,3886,9,0313,0,0000,0,0000,0,0000,0,0000,0,0000,1,8333,36,3584,4,1061,0,3582,44,7396,0,8080,0,0912,0,3599,0,9947,-58,1666,100,7544,0,6984,155,9253,0,8526,0,5190,1,2070,2,6531,0,5963,0,2212,-0,6421,0,9585
2026-04-16 13:59:19.808,20,509,0,8667,499,1508,646,1021,2,3416,2711,1230,111,0926,4,6333,23,1868,11,2666,11,6616,155,5376,1,5326,1,2894,3,4151,9,0313,-0,4215,1,8745,0,3526,3,1314,1,5326,1,2894,3,4151,9,0313,0,0000,0,0000,0,0000,0,0000,0,0000,1,9000,36,5292,4,1828,0,3446,44,7396,0,8118,0,0929,0,3463,0,9947,-50,1452,107,5393,0,6671,170,9058,0,9027,0,5746,1,1621,2,6531,0,5869,0,2228,-0,5412,0,9585
2026-04-16 13:59:20.319,21,020,0,9000,498,7663,637,7080,2,3416,2711,1230,111,0926,4,6667,23,1799,11,2266,11,7044,155,5376,1,5269,1,2866,3,4249,9,0313,-0,3964,1,8912,0,3472,3,1314,1,5269,1,2866,3,4249,9,0313,0,0000,0,0000,0,0000,0,0000,0,0000,1,9333,36,4658,4,1742,0,3746,44,7396,0,8104,0,0927,0,3763,0,9947,-46,2168,110,6569,0,6457,177,7035,0,9175,0,5804,1,0871,2,6531,0,5779,0,2309,-0,5560,0,9585
2026-04-16 13:59:20.830,21,531,0,9000,517,6962,634,1553,2,2991,2711,1230,111,0926,4,6667,23,1799,11,2266,11,7044,155,5376,1,5269,1,2866,3,4249,9,0313,-0,3964,1,8912,0,3472,3,1314,1,5269,1,2866,3,4249,9,0313,0,0000,0,0000,0,0000,0,0000,0,0000,1,9333,36,4658,4,1742,0,3746,44,7396,0,8104,0,0927,0,3763,0,9947,-46,2168,110,6569,0,6457,177,7035,0,9175,0,5804,1,0871,2,6531,0,5779,0,2309,-0,5560,0,9585
2026-04-16 13:59:21.342,22,042,0,9333,509,5248,625,1903,2,3504,2711,1230,111,0926,4,8667,23,1405,10,9952,11,9579,155,5376,1,5109,1,2628,3,5093,9,0313,-0,3724,1,9024,0,3033,3,1314,1,5109,1,2628,3,5093,9,0313,0,0000,0,0000,0,0000,0,0000,0,0000,2,0000,36,6913,4,2835,0,3161,44,7396,0,8154,0,0951,0,3178,0,9947,-49,7596,110,5178,0,6899,177,7035,0,9444,0,6046,1,0823,2,6531,0,5785,0,2324,-0,5249,0,9585
2026-04-16 13:59:21.854,22,553,0,9667,506,5147,614,3291,2,4070,2711,1230,111,0926,5,0000,23,1160,10,8486,12,1240,155,5376,1,5144,1,2488,3,5265,9,0313,-0,3785,1,8794,0,3144,3,1314,1,5144,1,2488,3,5265,9,0313,0,0000,0,0000,0,0000,0,0000,0,0000,2,0000,36,6913,4,2835,0,3161,44,7396,0,8154,0,0951,0,3178,0,9947,-49,7596,110,5178,0,6899,177,7035,0,9444,0,6046,1,0823,2,6531,0,5785,0,2324,-0,5249,0,9585
2026-04-16 13:59:22.365,23,064,0,9667,524,1388,614,5270,2,3236,2711,1230,111,0926,5,0000,23,1160,10,8486,12,1240,155,5376,1,5144,1,2488,3,5265,9,0313,-0,3785,1,8794,0,3144,3,1314,1,5144,1,2488,3,5265,9,0313,0,0000,0,0000,0,0000,0,0000,0,0000,2,0000,36,6913,4,2835,0,3161,44,7396,0,8154,0,0951,0,3178,0,9947,-49,7596,110,5178,0,6899,177,7035,0,9444,0,6046,1,0823,2,6531,0,5785,0,2324,-0,5249,0,9585
2026-04-16 13:59:22.875,23,576,0,9667,541,7636,628,7145,2,1455,2711,1230,111,0926,5,0000,23,1160,10,8486,12,1240,155,5376,1,5144,1,2488,3,5265,9,0313,-0,3785,1,8794,0,3144,3,1314,1,5144,1,2488,3,5265,9,0313,0,0000,0,0000,0,0000,0,0000,0,0000,2,0000,36,6913,4,2835,0,3161,44,7396,0,8154,0,0951,0,3178,0,9947,-49,7596,110,5178,0,6899,177,7035,0,9444,0,6046,1,0823,2,6531,0,5785,0,2324,-0,5249,0,9585
2026-04-16 13:59:23.387,24,087,0,9667,559,3882,655,9843,2,0007,2711,1230,111,0926,5,0000,23,1160,10,8486,12,1240,155,5376,1,5144,1,2488,3,5265,9,0313,-0,3785,1,8794,0,3144,3,1314,1,5144,1,2488,3,5265,9,0313,0,0000,0,0000,0,0000,0,0000,0,0000,2,0000,36,6913,4,2835,0,3161,44,7396,0,8154,0,0951,0,3178,0,9947,-49,7596,110,5178,0,6899,177,7035,0,9444,0,6046,1,0823,2,6531,0,5785,0,2324,-0,5249,0,9585
2026-04-16 13:59:23.897,24,598,0,9667,577,0126,694,7972,1,9640,2711,1230,111,0926,5,0000,23,1160,10,8486,12,1240,155,5376,1,5144,1,2488,3,5265,9,0313,-0,3785,1,8794,0,3144,3,1314,1,5144,1,2488,3,5265,9,0313,0,0000,0,0000,0,0000,0,0000,0,0000,2,0000,36,6913,4,2835,0,3161,44,7396,0,8154,0,0951,0,3178,0,9947,-49,7596,110,5178,0,6899,177,7035,0,9444,0,6046,1,0823,2,6531,0,5785,0,2324,-0,5249,0,9585
2026-04-16 13:59:24.409,25,109,1,0000,565,9270,694,9741,2,0213,2711,1230,111,0926,5,2000,23,0817,10,6393,12,3690,155,5376,1,4964,1,2342,3,5520,9,0313,-0,3860,1,8890,0,3182,3,1314,1,4964,1,2342,3,5520,9,0313,0,0000,0,0000,0,0000,0,0000,0,0000,2,1667,36,5097,4,2158,0,3806,44,7396,0,8113,0,0936,0,3823,0,9947,-46,8227,111,8735,0,6432,177,7035,0,9432,0,5960,1,0602,2,6531,0,5786,0,2286,-0,5434,0,9585
2026-04-16 13:59:24.920,25,620,1,0333,552,6898,687,5067,2,0714,2711,1230,111,0926,5,5667,23,0248,10,2852,12,8058,155,5376,1,4845,1,2197,3,5236,9,0313,-0,3795,1,8636,0,3119,3,1314,1,4845,1,2197,3,5236,9,0313,0,0000,0,0000,0,0000,0,0000,0,0000,2,3667,36,4628,4,2565,0,3862,44,7396,0,8103,0,0945,0,3879,0,9947,-44,0859,110,2668,0,6036,177,7035,0,9342,0,6022,0,9919,2,6531,0,5898,0,2246,-0,5910,0,9757
2026-04-16 13:59:25.431,26,131,1,0667,538,8907,681,0268,2,1168,2711,1230,111,0926,5,8000,22,9924,10,0774,13,0762,155,5376,1,4693,1,1981,3,6042,9,0313,-0,4358,1,8666,0,3338,3,1314,1,4693,1,1981,3,6042,9,0313,0,0000,0,0000,0,0000,0,0000,0,0000,2,4667,36,5767,4,2441,0,3479,44,7396,0,8128,0,0942,0,3493,0,9947,-45,8883,109,5697,0,6153,177,7035,0,9489,0,6139,0,9179,2,6531,0,5878,0,2313,-0,5710,0,9757
2026-04-16 13:59:25.942,26,642,1,1000,531,3151,671,6625,2,1735,2711,1230,111,0926,6,1000,22,9544,9,8279,13,4159,155,5376,1,4731,1,1944,3,5348,9,0313,-0,5162,1,8739,0,3734,3,1314,1,4731,1,1944,3,5348,9,0313,0,0000,0,0000,0,0000,0,0000,0,0000,2,5667,36,6926,4,2797,0,3098,44,7396,0,8154,0,0950,0,3112,0,9947,-48,2256,108,8674,0,6423,177,7035,0,9651,0,6336,0,9363,2,6531,0,5910,0,2319,-0,5532,0,9757
2026-04-16 13:59:26.454,27,153,1,1333,524,8387,662,7565,2,2240,2711,1230,111,0926,6,3000,22,9311,9,6715,13,6376,155,5376,1,4736,1,1773,3,5736,9,0313,-0,4939,1,8589,0,3375,3,1314,1,4736,1,1773,3,5736,9,0313,0,0000,0,0000,0,0000,0,0000,0,0000,2,5667,36,6926,4,2797,0,3098,44,7396,0,8154,0,0950,0,3112,0,9947,-48,2256,108,8674,0,6423,177,7035,0,9651,0,6336,0,9363,2,6531,0,5910,0,2319,-0,5532,0,9757
2026-04-16 13:59:26.964,27,664,1,1667,521,9086,653,4432,2,2675,2711,1230,111,0926,6,4000,22,9200,9,5960,13,7471,155,5376,1,4765,1,1686,3,5897,9,0313,-0,4999,1,8457,0,3486,3,1314,1,4765,1,1686,3,5897,9,0313,0,0000,0,0000,0,0000,0,0000,0,0000,2,5667,36,6926,4,2797,0,3098,44,7396,0,8154,0,0950,0,3112,0,9947,-48,2256,108,8674,0,6423,177,7035,0,9651,0,6336,0,9363,2,6531,0,5910,0,2319,-0,5532,0,9757
2026-04-16 13:59:27.476,28,176,1,1667,529,5281,653,7920,2,2295,2711,1230,111,0926,6,6333,22,8955,9,4266,13,9994,155,5376,1,4863,1,1903,3,4862,9,0313,-0,4660,1,8744,0,3171,3,1314,1,4863,1,1903,3,4862,9,0313,0,0000,0,0000,0,0000,0,0000,0,0000,2,6333,36,6434,4,2665,0,3176,44,7396,0,8143,0,0948,0,3190,0,9947,-46,9164,111,2594,0,6394,177,7035,0,9888,0,6428,0,8432,2,6531,0,5821,0,2366,-0,5191,0,9757
2026-04-16 13:59:27.987,28,687,1,2000,529,6339,644,6479,2,2606,2711,1230,111,0926,6,6333,22,8955,9,4266,13,9994,155,5376,1,4863,1,1903,3,4862,9,0313,-0,4660,1,8744,0,3171,3,1314,1,4863,1,1903,3,4862,9,0313,0,0000,0,0000,0,0000,0,0000,0,0000,2,6333,36,6434,4,2665,0,3176,44,7396,0,8143,0,0948,0,3190,0,9947,-46,9164,111,2594,0,6394,177,7035,0,9888,0,6428,0,8432,2,6531,0,5821,0,2366,-0,5191,0,9757
2026-04-16 13:59:28.498,29,198,1,2667,508,1912,634,0200,2,3386,2711,1230,111,0926,6,9000,22,8694,9,2436,14,2823,155,5376,1,4683,1,1721,3,5508,9,0313,-0,4222,1,9088,0,2840,3,1314,1,4683,1,1721,3,5508,9,0313,0,0000,0,0000,0,0000,0,0000,0,0000,2,8000,36,6534,4,2857,0,3312,44,7396,0,8146,0,0952,0,3320,0,9947,-40,4310,115,0852,0,5324,177,7035,1,0058,0,6713,0,7998,2,6531,0,5786,0,2402,-0,5456,0,9757
2026-04-16 13:59:29.009,29,709,1,2667,521,6414,630,8670,2,3166,2711,1230,111,0926,6,9000,22,8694,9,2436,14,2823,155,5376,1,4683,1,1721,3,5508,9,0313,-0,4222,1,9088,0,2840,3,1314,1,4683,1,1721,3,5508,9,0313,0,0000,0,0000,0,0000,0,0000,0,0000,2,8000,36,6534,4,2857,0,3312,44,7396,0,8146,0,0952,0,3320,0,9947,-40,4310,115,0852,0,5324,177,7035,1,0058,0,6713,0,7998,2,6531,0,5786,0,2402,-0,5456,0,9757
2026-04-16 13:59:29.609,30,309,1,3000,513,9638,625,3328,2,3505,2711,1230,111,0926,7,2000,23,3571,11,7559,10,3751,155,5376,1,5594,1,6801,6,3648,19,0626,-0,3543,1,9025,0,2103,3,1314,1,5594,1,6801,6,3648,19,0626,0,0000,0,0000,0,0000,0,0000,0,0000,2,9333,36,6594,4,2550,0,3079,44,7396,0,8147,0,0945,0,3088,0,9947,-35,3756,115,1374,0,4341,177,7035,0,9925,0,6678,0,8002,2,6531,0,5841,0,2369,-0,5966,0,9757
2026-04-16 13:59:30.119,30,820,1,3333,505,0033,619,9971,2,3899,2711,1230,111,0926,7,5333,23,3069,11,4953,10,6190,155,5376,1,5586,1,6828,6,1743,19,0626,-0,2690,1,9066,0,1258,3,1314,1,5586,1,6828,6,1743,19,0626,0,0000,0,0000,0,0000,0,0000,0,0000,3,1333,36,4429,4,4060,0,3551,44,9592,0,8099,0,0979,0,3559,0,9994,-26,1944,116,9929,0,2813,177,7035,0,9480,0,6732,0,8197,2,6531,0,5869,0,2304,-0,6421,0,9757
2026-04-16 13:59:30.631,31,331,1,3667,506,2361,612,4391,2,4130,2711,1230,111,0926,7,5333,23,3069,11,4953,10,6190,155,5376,1,5586,1,6828,6,1743,19,0626,-0,2690,1,9066,0,1258,3,1314,1,5586,1,6828,6,1743,19,0626,0,0000,0,0000,0,0000,0,0000,0,0000,3,1333,36,4429,4,4060,0,3551,44,9592,0,8099,0,0979,0,3559,0,9994,-26,1944,116,9929,0,2813,177,7035,0,9480,0,6732,0,8197,2,6531,0,5869,0,2304,-0,6421,0,9757
2026-04-16 13:59:31.143,31,842,1,3667,517,0768,617,1318,2,3181,2711,1230,111,0926,7,6000,23,2976,11,4452,10,6671,155,5376,1,5556,1,6757,6,2027,19,0626,-0,2831,1,9041,0,1421,3,1314,1,5556,1,6757,6,2027,19,0626,0,0000,0,0000,0,0000,0,0000,0,0000,3,1333,36,4429,4,4060,0,3551,44,9592,0,8099,0,0979,0,3559,0,9994,-26,1944,116,9929,0,2813,177,7035,0,9480,0,6732,0,8197,2,6531,0,5869,0,2304,-0,6421,0,9757
2026-04-16 13:59:31.654,32,353,1,4000,511,6438,610,7323,2,3603,2711,1230,111,0926,7,9333,23,2521,11,2043,10,9045,155,5376,1,5913,1,7313,5,7542,19,0626,-0,3163,1,8863,0,1832,3,1314,1,5913,1,7313,5,7542,19,0626,0,0000,0,0000,0,0000,0,0000,0,0000,3,2000,36,3251,4,4342,0,3774,44,9592,0,8073,0,0985,0,3781,0,9994,-25,5774,116,1404,0,2699,177,7035,0,9365,0,6708,0,8508,2,6531,0,5876,0,2281,-0,6577,0,9757
2026-04-16 13:59:32.165,32,864,1,4000,523,8130,611,2645,2,2980,2711,1230,111,0926,7,9333,23,2521,11,2043,10,9045,155,5376,1,5913,1,7313,5,7542,19,0626,-0,3163,1,8863,0,1832,3,1314,1,5913,1,7313,5,7542,19,0626,0,0000,0,0000,0,0000,0,0000,0,0000,3,2000,36,3251,4,4342,0,3774,44,9592,0,8073,0,0985,0,3781,0,9994,-25,5774,116,1404,0,2699,177,7035,0,9365,0,6708,0,8508,2,6531,0,5876,0,2281,-0,6577,0,9757
2026-04-16 13:59:32.675,33,376,1,3333,545,5599,622,9562,2,1911,2711,1230,155,5624,8,1667,23,7668,13,8976,8,9601,155,5443,1,8200,2,2503,4,5421,19,0626,-0,2576,1,8601,0,1157,3,1314,1,8200,2,2503,4,5421,19,0626,0,0000,0,0000,0,0000,0,0000,0,0000,3,2000,36,3301,4,4325,0,3748,44,9592,0,8074,0,0985,0,3755,0,9994,-23,7738,115,6235,0,2391,177,7035,0,9387,0,6702,0,8442,2,6531,0,5877,0,2281,-0,6582,0,9757
2026-04-16 13:59:33.187,33,887,1,3667,537,1316,617,6169,2,2302,2711,1230,155,5624,8,1333,23,7702,13,9260,8,9413,155,5443,1,8505,2,2608,4,4699,19,0626,-0,1663,1,8400,0,0461,3,1314,1,8505,2,2608,4,4699,19,0626,0,0000,0,0000,0,0000,0,0000,0,0000,3,1000,36,4271,4,4667,0,3267,44,9592,0,8095,0,0992,0,3273,0,9994,-15,2567,114,9018,0,1435,177,7035,0,9382,0,6853,0,7948,2,6531,0,5968,0,2273,-0,7343,0,9757
2026-04-16 13:59:33.765,34,464,1,3333,552,2264,620,1676,2,1946,2711,1230,377,7647,8,0333,24,6192,18,9475,8,2274,222,2252,1,9823,3,0053,6,3498,32,9216,-0,2376,1,8240,0,1005,3,1314,1,9823,3,0053,6,3498,32,9216,0,0000,0,0000,0,0000,0,0000,0,0000,2,9667,36,2435,4,4758,0,4084,44,9592,0,8054,0,0994,0,4090,0,9994,-18,8479,111,7076,0,1785,177,7035,0,9397,0,7011,0,7680,2,6531,0,5999,0,2276,-0,7827,0,9757
2026-04-16 13:59:34.276,34,976,1,3333,546,6711,622,6957,2,1888,2711,1230,155,5548,8,4000,23,9856,16,5890,9,8880,222,2252,2,0531,3,0787,5,9418,32,9216,-0,3005,1,8262,0,1174,3,1314,2,0531,3,0787,5,9418,32,9216,0,0000,0,0000,0,0000,0,0000,0,0000,3,0667,36,1949,4,4279,0,4338,44,9592,0,8044,0,0984,0,4345,0,9994,-19,2300,111,2026,0,1641,177,7035,0,9316,0,6913,0,8076,2,6531,0,5929,0,2281,-0,7102,0,9757
2026-04-16 13:59:34.787,35,487,1,2667,577,7819,626,8012,2,1295,2711,1230,733,3298,8,3000,24,0069,16,6875,9,8272,222,2252,2,0683,3,0941,5,9098,32,9216,-0,3163,1,8416,0,1337,3,1314,2,0683,3,0941,5,9098,32,9216,0,0000,0,0000,0,0000,0,0000,0,0000,2,9667,36,1186,4,4498,0,4732,44,9592,0,8027,0,0988,0,4740,0,9994,-19,9886,112,9387,0,1814,177,7035,0,9320,0,7027,0,7931,2,6531,0,6033,0,2244,-0,8159,0,9757
2026-04-16 13:59:35.297,35,998,1,3333,545,5600,618,4408,2,2443,2711,1230,222,2195,8,5333,23,9580,16,4603,9,9685,222,2252,2,0606,3,0596,5,9537,32,9216,-0,3515,1,8289,0,1798,3,1314,2,0606,3,0596,5,9537,32,9216,0,0000,0,0000,0,0000,0,0000,0,0000,3,0667,36,1519,4,5078,0,4800,44,9592,0,8034,0,1001,0,4809,0,9994,-22,5440,112,0020,0,2354,177,7035,0,9110,0,7007,0,8379,2,6531,0,6091,0,2244,-0,8162,0,9757
2026-04-16 13:59:35.809,36,509,1,3000,560,6885,620,9287,2,2120,2711,1230,111,1059,8,3333,23,9996,16,6544,9,8475,222,2252,2,0473,3,0863,5,9466,32,9216,-0,2606,1,8289,0,0753,3,1314,2,0473,3,0863,5,9466,32,9216,0,0000,0,0000,0,0000,0,0000,0,0000,3,0333,36,0718,4,5111,0,5126,44,9592,0,8016,0,1002,0,5136,0,9994,-21,7176,112,4815,0,2161,177,7035,0,9166,0,7016,0,8291,2,6531,0,6048,0,2234,-0,8050,0,9757
2026-04-16 13:59:36.320,37,020,1,3000,569,8060,617,6782,2,2105,2711,1230,244,4363,8,0667,24,0583,16,9243,9,6838,222,2252,2,1333,3,2045,5,5661,32,9216,-0,1959,1,8186,0,0205,3,1314,2,1333,3,2045,5,5661,32,9216,0,0000,0,0000,0,0000,0,0000,0,0000,2,8667,36,1330,4,4604,0,4815,44,9592,0,8029,0,0991,0,4830,0,9994,-17,3375,113,0722,0,1505,177,7035,0,9349,0,7136,0,7757,2,6531,0,6006,0,2263,-0,8073,0,9757
2026-04-16 13:59:36.831,37,531,1,2667,576,0291,624,9604,2,1597,2711,1230,133,3933,8,4000,24,6026,19,2001,8,3200,222,2252,2,3232,3,8379,5,7733,36,2465,-0,2307,1,8313,0,0228,3,1314,2,3232,3,8379,5,7733,36,2465,0,0000,0,0000,0,0000,0,0000,0,0000,2,9000,36,2686,4,5608,0,4658,44,9592,0,8060,0,1013,0,4674,0,9994,-22,3253,114,9265,0,2144,177,7035,0,9306,0,7086,0,8000,2,6531,0,5860,0,2354,-0,6984,0,9757
2026-04-16 13:59:37.342,38,042,1,2333,584,3886,629,4714,2,1400,2711,1230,444,4532,8,5000,25,7949,27,1429,8,5497,333,3435,2,4603,4,1001,5,2162,36,2465,-0,2858,1,8521,0,0662,3,1314,2,4603,4,1001,5,2162,36,2465,0,0000,0,0000,0,0000,0,0000,0,0000,2,9000,36,2354,4,5529,0,4882,44,9592,0,8053,0,1012,0,4898,0,9994,-23,4669,115,7023,0,2252,177,7035,0,9329,0,7070,0,7994,2,6531,0,5766,0,2329,-0,6450,0,9757
2026-04-16 13:59:37.846,38,544,1,2333,576,9407,632,7051,2,1354,2711,1230,133,3313,8,7333,25,6996,26,7840,8,6708,333,3435,2,4942,4,0900,5,1211,36,2465,-0,3391,1,8703,0,0909,3,1314,2,4942,4,0900,5,1211,36,2465,0,0000,0,0000,0,0000,0,0000,0,0000,3,0000,36,1274,4,6170,0,5213,44,9592,0,8029,0,1026,0,5226,0,9994,-28,1744,116,5405,0,2754,177,7035,0,9312,0,6942,0,8278,2,6531,0,5608,0,2354,-0,5314,0,9757
2026-04-16 13:59:38.354,39,053,1,2000,599,7013,633,1310,2,0993,2711,1230,266,6635,8,5000,25,7952,27,1428,8,5497,333,3435,2,5494,4,1345,5,0558,36,2465,-0,3495,1,8595,0,1243,3,1314,2,5494,4,1345,5,0558,36,2465,0,0000,0,0000,0,0000,0,0000,0,0000,2,7333,36,2969,4,7715,0,4319,44,9592,0,8066,0,1060,0,4331,0,9994,-23,2124,115,9671,0,2089,177,7035,0,9635,0,7111,0,7547,2,6531,0,5433,0,2394,-0,3796,0,9757
2026-04-16 13:59:38.866,39,564,1,2333,584,6877,630,4496,2,1253,2711,1230,177,8431,8,6333,25,7400,26,9360,8,6191,333,3435,2,5249,4,1071,5,0948,36,2465,-0,4404,1,8394,0,1982,3,1015,2,5249,4,1071,5,0948,36,2465,0,0000,0,0000,0,0000,0,0000,0,0000,2,8333,36,4149,4,7127,0,3876,44,9592,0,8092,0,1047,0,3889,0,9994,-29,1434,114,9608,0,3130,177,7035,0,9473,0,7072,0,7819,2,6531,0,5481,0,2426,-0,3709,0,9757
2026-04-16 13:59:39.376,40,075,1,2000,599,0746,633,3851,2,0994,2711,1230,133,3418,8,7333,25,6996,26,7840,8,6708,333,3435,2,5088,4,0855,5,1282,36,2465,-0,4057,1,8151,0,1594,3,1015,2,5088,4,0855,5,1282,36,2465,0,0000,0,0000,0,0000,0,0000,0,0000,2,8667,36,5301,4,7697,0,3492,44,9592,0,8118,0,1060,0,3503,0,9994,-26,6983,113,8492,0,2478,177,7035,0,9319,0,7129,0,7781,2,6531,0,5415,0,2528,-0,3391,0,9757
2026-04-16 13:59:39.888,40,587,1,1667,619,3720,633,6709,2,0806,2711,1230,111,1088,8,5000,25,7949,27,1429,8,5497,333,3435,2,5245,4,1397,5,0534,36,2465,-0,4709,1,8075,0,1841,3,1015,2,5245,4,1397,5,0534,36,2465,0,0000,0,0000,0,0000,0,0000,0,0000,2,8667,36,5322,4,7524,0,3540,44,9592,0,8118,0,1056,0,3552,0,9994,-24,8700,115,8427,0,2362,177,7035,0,9107,0,6939,0,8469,2,6531,0,5389,0,2551,-0,3331,0,9757
2026-04-16 13:59:40.398,41,098,1,1333,640,2026,634,7180,2,0511,2711,1230,1222,2300,8,4333,25,8231,27,2481,8,5147,333,3435,2,5378,4,1533,5,0344,36,2465,-0,4526,1,8026,0,1742,3,1015,2,5378,4,1533,5,0344,36,2465,0,0000,0,0000,0,0000,0,0000,0,0000,2,8000,36,5043,4,6810,0,3564,44,9592,0,8112,0,1040,0,3574,0,9994,-21,6553,115,2742,0,2017,177,7035,0,8980,0,6972,0,8990,2,6531,0,5417,0,2523,-0,3249,0,9757
2026-04-16 13:59:40.910,41,609,1,1667,623,8175,618,7023,2,2070,2711,1230,800,0021,8,3667,25,8519,27,3545,8,4796,333,3435,2,5410,4,1696,5,0129,36,2465,-0,4438,1,8139,0,1633,3,1015,2,5410,4,1696,5,0129,36,2465,0,0000,0,0000,0,0000,0,0000,0,0000,2,8333,36,4469,4,6830,0,3753,44,9592,0,8099,0,1041,0,3763,0,9994,-20,3475,115,2192,0,1761,177,7035,0,8879,0,6992,0,9022,2,6531,0,5436,0,2514,-0,3440,0,9757
2026-04-16 13:59:41.420,42,120,1,1667,618,1021,620,8430,2,2077,2711,1230,288,8680,8,5333,25,7811,27,0907,8,5671,333,3435,2,5520,4,1579,4,9708,36,2465,-0,4160,1,8167,0,1516,3,1015,2,5520,4,1579,4,9708,36,2465,0,0000,0,0000,0,0000,0,0000,0,0000,2,9000,36,5285,4,6778,0,3435,44,9592,0,8118,0,1040,0,3445,0,9994,-18,1541,115,4829,0,1569,177,7035,0,8931,0,6920,0,8874,2,6531,0,5379,0,2520,-0,3058,0,9757
2026-04-16 13:59:41.931,42,631,1,1667,623,1826,618,2823,2,2148,2711,1230,577,7759,8,3667,25,8520,27,3545,8,4796,333,3435,2,5598,4,1966,4,9254,36,2465,-0,4613,1,8009,0,1742,3,1015,2,5598,4,1966,4,9254,36,2465,0,0000,0,0000,0,0000,0,0000,0,0000,2,9000,36,5285,4,6778,0,3435,44,9592,0,8118,0,1040,0,3445,0,9994,-18,1541,115,4829,0,1569,177,7035,0,8931,0,6920,0,8874,2,6531,0,5379,0,2520,-0,3058,0,9757
2026-04-16 13:59:42.442,43,142,1,1667,620,6429,619,6715,2,2105,2711,1230,933,3401,8,4000,25,8375,27,3011,8,4972,333,3435,2,5853,4,2078,4,8627,36,2465,-0,4620,1,7974,0,1757,3,1015,2,5853,4,2078,4,8627,36,2465,0,0000,0,0000,0,0000,0,0000,0,0000,2,9000,36,5285,4,6778,0,3435,44,9592,0,8118,0,1040,0,3445,0,9994,-18,1541,115,4829,0,1569,177,7035,0,8931,0,6920,0,8874,2,6531,0,5379,0,2520,-0,3058,0,9757
2026-04-16 13:59:42.953,43,653,1,2000,616,9835,611,3876,2,2554,2711,1230,933,3401,7,9000,26,0663,28,1362,8,2299,333,3435,2,6495,4,3268,4,7127,36,2465,-0,4774,1,8313,0,1867,3,1015,2,6495,4,3268,4,7127,36,2465,0,0000,0,0000,0,0000,0,0000,0,0000,2,8000,36,3951,4,6679,0,3783,44,9592,0,8088,0,1037,0,3792,0,9994,-17,6799,117,4642,0,1426,177,7035,0,8756,0,6909,0,9469,2,6531,0,5315,0,2517,-0,2969,0,9757
2026-04-16 13:59:43.464,44,164,1,2000,618,8348,609,4795,2,2671,2711,1230,511,1218,7,8333,26,0990,28,2535,8,1936,333,3435,2,6598,4,3437,4,6905,36,2465,-0,4791,1,8442,0,2005,3,1015,2,6598,4,3437,4,6905,36,2465,0,0000,0,0000,0,0000,0,0000,0,0000,2,8000,36,2949,4,7021,0,4091,44,9592,0,8066,0,1045,0,4099,0,9994,-16,2257,118,6288,0,1286,177,7035,0,8611,0,6830,1,0087,2,6531,0,5302,0,2516,-0,2821,0,9757
2026-04-16 13:59:43.976,44,676,1,2000,618,8352,609,4794,2,2671,2711,1230,177,7725,7,8333,26,0990,28,2535,8,1936,333,3435,2,6598,4,3437,4,6905,36,2465,-0,4791,1,8442,0,2005,3,1015,2,6598,4,3437,4,6905,36,2465,0,0000,0,0000,0,0000,0,0000,0,0000,2,8000,36,2949,4,7021,0,4091,44,9592,0,8066,0,1045,0,4099,0,9994,-16,2257,118,6288,0,1286,177,7035,0,8611,0,6830,1,0087,2,6531,0,5302,0,2516,-0,2821,0,9757
2026-04-16 13:59:44.488,45,187,1,1667,640,9600,607,1968,2,1539,2711,1230,2177,7990,7,7333,26,1494,28,4320,8,1389,333,3435,2,6878,4,3671,4,6569,36,2465,-0,4227,1,8633,0,1831,3,1015,2,6878,4,3671,4,6569,36,2465,0,0000,0,0000,0,0000,0,0000,0,0000,2,7333,36,3005,4,6571,0,4268,44,9592,0,8067,0,1035,0,4275,0,9994,-12,3268,119,4319,0,0960,177,7035,0,8743,0,6846,0,9916,2,6531,0,5169,0,2544,-0,2212,0,9757
2026-04-16 13:59:44.998,45,698,1,2333,605,7103,566,2548,2,3007,2711,1230,1666,6850,7,7667,26,1325,28,3721,8,1572,333,3435,2,6830,4,3584,4,6682,36,2465,-0,4121,1,8663,0,1744,3,1015,2,6830,4,3584,4,6682,36,2465,0,0000,0,0000,0,0000,0,0000,0,0000,2,7333,36,3005,4,6571,0,4268,44,9592,0,8067,0,1035,0,4275,0,9994,-12,3268,119,4319,0,0960,177,7035,0,8743,0,6846,0,9916,2,6531,0,5169,0,2544,-0,2212,0,9757
2026-04-16 13:59:45.509,46,209,1,2667,587,4311,539,0952,2,5267,2711,1230,1155,5540,7,8667,26,0828,28,1946,8,2118,333,3435,2,6743,4,3315,4,7009,36,2465,-0,4160,1,8549,0,1815,3,1015,2,6743,4,3315,4,7009,36,2465,0,0000,0,0000,0,0000,0,0000,0,0000,2,7333,36,3005,4,6571,0,4268,44,9592,0,8067,0,1035,0,4275,0,9994,-12,3268,119,4319,0,0960,177,7035,0,8743,0,6846,0,9916,2,6531,0,5169,0,2544,-0,2212,0,9757
2026-04-16 13:59:46.020,46,720,1,2667,587,4295,530,1496,2,6308,2711,1230,644,4321,7,8667,26,0828,28,1946,8,2118,333,3435,2,6743,4,3315,4,7009,36,2465,-0,4160,1,8549,0,1815,3,1015,2,6743,4,3315,4,7009,36,2465,0,0000,0,0000,0,0000,0,0000,0,0000,2,7333,36,3005,4,6571,0,4268,44,9592,0,8067,0,1035,0,4275,0,9994,-12,3268,119,4319,0,0960,177,7035,0,8743,0,6846,0,9916,2,6531,0,5169,0,2544,-0,2212,0,9757
2026-04-16 13:59:46.531,47,231,1,2667,584,5065,543,2086,2,4825,2711,1230,133,3523,7,9000,26,0665,28,1362,8,2299,333,3435,2,6662,4,3242,4,7103,36,2465,-0,4180,1,8512,0,1848,3,1015,2,6662,4,3242,4,7103,36,2465,0,0000,0,0000,0,0000,0,0000,0,0000,2,7667,36,2729,4,6358,0,4439,44,9592,0,8061,0,1030,0,4446,0,9994,-12,7810,118,7815,0,1075,177,7035,0,8708,0,6811,1,0087,2,6531,0,5182,0,2531,-0,2361,0,9757
2026-04-16 13:59:47.042,47,742,1,2667,588,0168,505,3008,2,2967,2400,0050,2377,7960,7,8333,26,0993,28,2534,8,1936,333,3435,2,6785,4,3403,4,6894,36,2465,-0,4205,1,8589,0,1882,3,1015,2,6785,4,3403,4,6894,36,2465,0,0000,0,0000,0,0000,0,0000,0,0000,2,7333,36,2534,4,6606,0,4543,44,9592,0,8056,0,1036,0,4549,0,9994,-12,8618,119,5013,0,1089,177,7035,0,8491,0,6560,0,9976,2,6450,0,5214,0,2530,-0,2636,0,9757
2026-04-16 13:59:47.553,48,253,1,2667,586,2625,468,5448,1,9843,2400,0050,1866,6800,7,9000,26,0665,28,1362,8,2299,333,3435,2,6681,4,3238,4,7102,36,2465,-0,3923,1,8761,0,1845,3,1256,2,6681,4,3238,4,7102,36,2465,0,0000,0,0000,0,0000,0,0000,0,0000,2,7667,36,2750,4,6366,0,4425,44,9592,0,8061,0,1031,0,4430,0,9994,-10,8394,120,1828,0,0881,177,7035,0,8512,0,6524,0,9928,2,6450,0,5203,0,2517,-0,2527,0,9757
2026-04-16 13:59:48.065,48,764,1,3000,570,6608,432,4840,2,0454,2400,0050,1355,5720,7,9333,26,0504,28,0781,8,2480,333,3435,2,6604,4,3163,4,7198,36,2465,-0,3790,1,8834,0,1805,3,1256,2,6604,4,3163,4,7198,36,2465,0,0000,0,0000,0,0000,0,0000,0,0000,2,8000,36,2874,4,6102,0,4368,44,9592,0,8064,0,1025,0,4374,0,9994,-8,8116,120,8852,0,0685,177,7035,0,8535,0,6488,0,9873,2,6450,0,5186,0,2507,-0,2339,0,9757
2026-04-16 13:59:48.576,49,276,1,3000,570,6616,421,5728,2,0772,2400,0050,844,4691,7,9333,26,0504,28,0781,8,2480,333,3435,2,6604,4,3163,4,7198,36,2465,-0,3790,1,8834,0,1805,3,1256,2,6604,4,3163,4,7198,36,2465,0,0000,0,0000,0,0000,0,0000,0,0000,2,8000,36,2874,4,6102,0,4368,44,9592,0,8064,0,1025,0,4374,0,9994,-8,8116,120,8852,0,0685,177,7035,0,8535,0,6488,0,9873,2,6450,0,5186,0,2507,-0,2339,0,9757
2026-04-16 13:59:49.087,49,787,1,3000,570,6603,441,8101,2,0183,2400,0050,333,3473,7,9333,26,0504,28,0781,8,2480,333,3435,2,6604,4,3163,4,7198,36,2465,-0,3790,1,8834,0,1805,3,1256,2,6604,4,3163,4,7198,36,2465,0,0000,0,0000,0,0000,0,0000,0,0000,2,8000,36,2874,4,6102,0,4368,44,9592,0,8064,0,1025,0,4374,0,9994,-8,8116,120,8852,0,0685,177,7035,0,8535,0,6488,0,9873,2,6450,0,5186,0,2507,-0,2339,0,9757
2026-04-16 13:59:49.598,50,298,1,2667,587,4318,480,1119,2,0418,2400,0050,555,4371,7,8667,26,0829,28,1946,8,2118,333,3435,2,6751,4,3316,4,7001,36,2465,-0,4074,1,8658,0,1837,3,1256,2,6751,4,3316,4,7001,36,2465,0,0000,0,0000,0,0000,0,0000,0,0000,2,7333,36,1669,4,5681,0,4623,44,9592,0,8037,0,1015,0,4629,0,9994,-13,1836,119,0245,0,1004,177,7035,0,8187,0,6160,1,0324,2,6450,0,5232,0,2519,-0,2806,0,9757
2026-04-16 13:59:50.109,50,809,1,2333,602,1101,532,1597,2,2488,2533,3330,688,8771,7,8667,26,0829,28,1946,8,2118,333,3435,2,6751,4,3316,4,7001,36,2465,-0,4074,1,8658,0,1837,3,1256,2,6751,4,3316,4,7001,36,2465,0,0000,0,0000,0,0000,0,0000,0,0000,2,7333,36,1669,4,5681,0,4623,44,9592,0,8037,0,1015,0,4629,0,9994,-13,1836,119,0245,0,1004,177,7035,0,8187,0,6160,1,0324,2,6450,0,5232,0,2519,-0,2806,0,9757
2026-04-16 13:59:50.621,51,320,1,2667,585,0960,538,6017,2,3702,2622,2230,244,4344,7,9000,26,0669,28,1361,8,2299,333,3435,2,6665,4,3245,4,7089,36,2465,-0,4033,1,8596,0,1657,3,1256,2,6665,4,3245,4,7089,36,2465,0,0000,0,0000,0,0000,0,0000,0,0000,2,7667,36,0728,4,6069,0,4681,44,9592,0,8017,0,1024,0,4696,0,9994,-12,6252,117,9214,0,0633,176,8179,0,7938,0,6102,1,0996,2,6450,0,5312,0,2460,-0,3161,0,9757
2026-04-16 13:59:51.131,51,831,1,2333,606,9152,542,5021,2,2729,2622,2230,355,5641,7,7000,26,1668,28,4923,8,1205,333,3435,2,7062,4,3731,4,6459,36,2465,-0,4186,1,8513,0,1871,3,1256,2,7062,4,3731,4,6459,36,2465,0,0000,0,0000,0,0000,0,0000,0,0000,2,7000,35,8960,4,5198,0,5220,44,9592,0,7977,0,1004,0,5236,0,9994,-9,1715,117,2342,0,0222,176,8179,0,7709,0,5880,1,0872,2,6450,0,5297,0,2451,-0,3320,0,9757
2026-04-16 13:59:51.643,52,342,1,2000,626,2425,554,2625,2,0482,2622,2230,2333,3320,7,5667,26,2363,28,7373,8,0468,333,3435,2,7250,4,4086,4,6020,36,2465,-0,4154,1,8660,0,1817,3,1256,2,7250,4,4086,4,6020,36,2465,0,0000,0,0000,0,0000,0,0000,0,0000,2,7000,35,8960,4,5198,0,5220,44,9592,0,7977,0,1004,0,5236,0,9994,-9,1715,117,2342,0,0222,176,8179,0,7709,0,5880,1,0872,2,6450,0,5297,0,2451,-0,3320,0,9757
2026-04-16 13:59:52.154,52,853,1,2000,626,2433,541,5964,1,8789,2622,2230,1822,2280,7,5667,26,2363,28,7373,8,0468,333,3435,2,7250,4,4086,4,6020,36,2465,-0,4154,1,8660,0,1817,3,1256,2,7250,4,4086,4,6020,36,2465,0,0000,0,0000,0,0000,0,0000,0,0000,2,7000,35,8960,4,5198,0,5220,44,9592,0,7977,0,1004,0,5236,0,9994,-9,1715,117,2342,0,0222,176,8179,0,7709,0,5880,1,0872,2,6450,0,5297,0,2451,-0,3320,0,9757
2026-04-16 13:59:52.665,53,365,1,2333,608,7181,521,8459,2,0246,2622,2230,1311,1090,7,6000,26,2187,28,6755,8,0653,333,3435,2,7169,4,4006,4,6120,36,2465,-0,4137,1,8620,0,1795,3,1256,2,7169,4,4006,4,6120,36,2465,0,0000,0,0000,0,0000,0,0000,0,0000,2,7333,35,9458,4,5145,0,4934,44,9592,0,7989,0,1003,0,4949,0,9994,-9,0921,116,5194,0,0202,176,8179,0,7766,0,5867,1,0580,2,6450,0,5239,0,2491,-0,3267,0,9757
2026-04-16 13:59:53.175,53,875,1,2667,592,1102,502,9716,2,2314,2622,2230,799,9802,7,6333,26,2013,28,6140,8,0838,333,3435,2,7082,4,3930,4,6214,36,2465,-0,4252,1,8660,0,1838,3,1256,2,7082,4,3930,4,6214,36,2465,0,0000,0,0000,0,0000,0,0000,0,0000,2,7667,35,9001,4,5063,0,5134,44,9592,0,7978,0,1001,0,5149,0,9994,-11,0818,117,2084,0,0369,176,8179,0,7792,0,5836,1,0493,2,6450,0,5188,0,2519,-0,3088,0,9757
2026-04-16 13:59:53.687,54,387,1,3000,572,9400,500,7603,2,2989,2622,2230,288,8851,7,8000,26,1163,28,3125,8,1754,333,3435,2,6737,4,3522,4,6734,36,2465,-0,3998,1,8671,0,1763,3,1256,2,6737,4,3522,4,6734,36,2465,0,0000,0,0000,0,0000,0,0000,0,0000,2,8333,35,8796,4,4799,0,5173,44,9592,0,7974,0,0995,0,5188,0,9994,-9,4977,116,7686,0,0150,176,8179,0,7801,0,5785,1,0482,2,6450,0,5168,0,2506,-0,2940,0,9757
2026-04-16 13:59:54.198,54,898,1,2667,590,3583,500,3896,2,2802,2622,2230,155,5729,7,7000,26,1668,28,4923,8,1205,333,3435,2,6909,4,3768,4,6436,36,2465,-0,3995,1,8723,0,1809,3,1256,2,6909,4,3768,4,6436,36,2465,0,0000,0,0000,0,0000,0,0000,0,0000,2,7667,35,8874,4,5247,0,5098,44,9592,0,7976,0,1005,0,5113,0,9994,-10,5215,117,9778,0,0398,176,8179,0,7815,0,5850,1,0313,2,6450,0,5119,0,2515,-0,2523,0,9757
2026-04-16 13:59:54.709,55,409,1,2333,615,9208,506,8324,2,1387,2622,2230,177,7744,7,3667,26,3453,29,1172,7,9349,333,3435,2,7606,4,4569,4,5527,36,2465,-0,3700,1,8770,0,1386,3,1256,2,7606,4,4569,4,5527,36,2465,0,0000,0,0000,0,0000,0,0000,0,0000,2,5333,36,0873,4,5903,0,4558,44,9592,0,8020,0,1020,0,4571,0,9994,-6,4862,118,2276,-0,0491,176,8179,0,7649,0,5729,1,1354,2,6450,0,5051,0,2581,-0,1792,0,9757
2026-04-16 13:59:55.220,55,920,1,2333,628,5331,522,8904,1,9960,2622,2230,177,7744,7,1667,26,4606,29,5123,7,8214,333,3435,2,8243,4,5098,4,4771,36,2465,-0,3595,1,8968,0,1558,3,1256,2,8243,4,5098,4,4771,36,2465,0,0000,0,0000,0,0000,0,0000,0,0000,2,3667,35,8390,4,5615,0,5277,44,9592,0,7965,0,1014,0,5292,0,9994,-5,5936,118,7726,-0,0471,176,8179,0,7430,0,5555,1,2269,2,6450,0,4949,0,2501,-0,2066,0,9748
2026-04-16 13:59:55.732,56,431,1,2000,645,9944,521,4639,1,9966,2622,2230,311,1172,7,1333,26,4804,29,5798,7,8023,333,3435,2,8546,4,5230,4,4406,36,2465,-0,2883,1,9099,0,1195,3,1256,2,8546,4,5230,4,4406,36,2465,0,0000,0,0000,0,0000,0,0000,0,0000,2,3667,35,7183,4,4878,0,5811,44,9592,0,7938,0,0997,0,5827,0,9994,-4,2381,119,2622,-0,0742,176,8179,0,7076,0,5160,1,0709,2,6450,0,5005,0,2515,-0,2509,0,9748
2026-04-16 13:59:56.398,57,098,1,2000,647,8455,520,3891,2,0019,2622,2230,688,9686,6,8333,27,4265,31,9884,6,8676,333,3435,3,0100,4,6631,4,1793,36,2465,-0,1990,1,9028,0,0783,3,1256,3,0100,4,6631,4,1793,36,2465,0,0000,0,0000,0,0000,0,0000,0,0000,2,3000,35,6547,4,4790,0,6026,44,9592,0,7924,0,0995,0,6042,0,9994,0,0969,118,1857,-0,1296,176,8179,0,7062,0,5189,1,0869,2,6450,0,4911,0,2483,-0,2403,0,9748
2026-04-16 13:59:56.908,57,609,1,2333,630,3291,517,8530,2,0668,2622,2230,311,1229,6,9000,27,3762,31,8376,6,9030,333,3435,2,9937,4,6458,4,1946,36,2465,-0,1749,1,9015,0,0492,3,1256,2,9937,4,6458,4,1946,36,2465,0,0000,0,0000,0,0000,0,0000,0,0000,2,3333,35,7471,4,5126,0,5614,44,9592,0,7945,0,1003,0,5630,0,9994,1,3283,117,7835,-0,1549,176,8179,0,6974,0,5204,1,0893,2,6450,0,4974,0,2520,-0,2250,0,9748
2026-04-16 13:59:57.420,58,120,1,2333,626,1254,521,0485,2,0390,2622,2230,533,3367,7,0667,27,2546,31,4696,6,9909,333,3435,2,9841,4,5930,4,2436,36,2465,-0,2398,1,8412,0,1310,3,1256,2,9841,4,5930,4,2436,36,2465,0,0000,0,0000,0,0000,0,0000,0,0000,2,4333,35,7818,4,4454,0,5562,44,9592,0,7952,0,0988,0,5578,0,9994,-2,0900,112,6146,-0,0934,173,7617,0,6592,0,4748,1,1427,2,6450,0,5076,0,2486,-0,2798,0,9748
2026-04-16 13:59:57.932,58,631,1,2333,620,1242,523,3562,2,0408,2622,2230,133,3427,7,1333,27,7269,32,1494,6,6194,333,3435,3,0709,4,6762,4,0462,36,2465,-0,2256,1,8429,0,1213,3,1256,3,0709,4,6762,4,0462,36,2465,0,0000,0,0000,0,0000,0,0000,0,0000,2,4333,35,7818,4,4454,0,5562,44,9592,0,7952,0,0988,0,5578,0,9994,-2,0900,112,6146,-0,0934,173,7617,0,6592,0,4748,1,1427,2,6450,0,5076,0,2486,-0,2798,0,9748
2026-04-16 13:59:58.443,59,142,1,2667,606,7290,521,2439,2,0716,2622,2230,599,9832,7,0667,27,7789,32,2962,6,5863,333,3435,3,1051,4,6910,4,0255,36,2465,-0,2061,1,8148,0,0919,3,1256,3,1051,4,6910,4,0255,36,2465,0,0000,0,0000,0,0000,0,0000,0,0000,2,3667,35,9013,4,4694,0,4868,44,9592,0,7978,0,0993,0,4893,0,9994,-3,2834,109,3098,-0,0960,173,7617,0,6092,0,3701,-0,0100,1,4693,0,5162,0,2463,-0,2786,0,9748
2026-04-16 13:59:58.955,59,653,1,2667,602,6363,521,8906,2,0867,2622,2230,177,7725,7,1667,27,7013,32,0767,6,6359,333,3435,3,0944,4,6590,4,0585,36,2465,-0,1844,1,8113,0,0640,3,1256,3,0944,4,6590,4,0585,36,2465,0,0000,0,0000,0,0000,0,0000,0,0000,2,3667,35,9013,4,4694,0,4868,44,9592,0,7978,0,0993,0,4893,0,9994,-3,2834,109,3098,-0,0960,173,7617,0,6092,0,3701,-0,0100,1,4693,0,5162,0,2463,-0,2786,0,9748
2026-04-16 13:59:59.465,60,164,1,2333,627,9321,517,3919,2,0908,2622,2230,155,5443,6,9000,27,9130,32,6722,6,5030,333,3435,3,1472,4,7316,3,9929,36,2465,-0,2323,1,8251,0,1220,3,1256,3,1472,4,7316,3,9929,36,2465,0,0000,0,0000,0,0000,0,0000,0,0000,2,2333,35,8486,4,5131,0,5292,44,9592,0,7967,0,1002,0,5317,0,9994,-7,7055,110,5136,-0,0137,173,7617,0,6030,0,3587,-0,1034,1,2425,0,5052,0,2483,-0,1978,0,9748
2026-04-16 13:59:59.977,60,676,1,2000,654,0178,523,5968,1,9631,2622,2230,1000,0150,6,6667,27,5565,32,3747,6,7782,333,3435,3,1028,4,6611,4,1531,36,2465,-0,3108,1,8290,0,2013,3,1256,3,1028,4,6611,4,1531,36,2465,0,0000,0,0000,0,0000,0,0000,0,0000,2,1333,36,0814,4,4805,0,4800,44,9592,0,8018,0,0995,0,4828,0,9994,-12,2117,111,0450,0,0769,173,7617,0,6285,0,3465,-0,1574,1,2425,0,4968,0,2509,-0,1179,0,9748
2026-04-16 14:00:00.487,61,187,1,2333,632,1364,516,9553,2,0922,2622,2230,577,7931,6,7333,28,1637,33,4461,6,3097,333,3435,3,2066,4,7021,3,9958,36,2465,-0,3692,1,8047,0,2431,3,1256,3,2066,4,7021,3,9958,36,2465,0,0000,0,0000,0,0000,0,0000,0,0000,2,0667,36,1352,4,3214,0,4308,44,9228,0,8030,0,0959,0,4337,0,9984,-20,2455,108,5260,0,1898,173,7617,0,6245,0,3516,-0,1403,1,2425,0,4987,0,2574,-0,1011,0,9748
2026-04-16 14:00:00.999,61,698,1,2333,628,5331,517,7855,2,1017,2622,2230,955,5664,6,8000,28,1053,33,2869,6,3431,333,3435,3,1823,4,6854,4,0132,36,2465,-0,3770,1,7975,0,2559,3,1256,3,1823,4,6854,4,0132,36,2465,0,0000,0,0000,0,0000,0,0000,0,0000,2,1333,36,0258,4,2995,0,4800,44,9228,0,8006,0,0955,0,4827,0,9984,-21,7131,107,1289,0,2296,173,7617,0,6157,0,3495,-0,0794,1,2425,0,5033,0,2546,-0,1491,0,9748
2026-04-16 14:00:01.509,62,209,1,2333,638,1420,517,5793,2,0507,2622,2230,800,0107,6,4000,28,4731,34,2778,6,1399,333,3435,3,2433,4,7859,3,9544,36,2465,-0,3252,1,8188,0,1912,3,1256,3,2433,4,7859,3,9544,36,2465,0,0000,0,0000,0,0000,0,0000,0,0000,2,0667,36,1948,4,2622,0,4499,44,9228,0,8043,0,0946,0,4530,0,9984,-22,5238,108,2576,0,2454,173,7617,0,6227,0,3528,-0,1307,1,2425,0,4995,0,2578,-0,1073,0,9748
2026-04-16 14:00:02.021,62,720,1,2333,638,1417,535,0754,1,9425,2622,2230,288,9061,6,4000,28,4731,34,2778,6,1399,333,3435,3,2433,4,7859,3,9544,36,2465,-0,3252,1,8188,0,1912,3,1256,3,2433,4,7859,3,9544,36,2465,0,0000,0,0000,0,0000,0,0000,0,0000,2,0667,36,1948,4,2622,0,4499,44,9228,0,8043,0,0946,0,4530,0,9984,-22,5238,108,2576,0,2454,173,7617,0,6227,0,3528,-0,1307,1,2425,0,4995,0,2578,-0,1073,0,9748
2026-04-16 14:00:02.532,63,231,1,2333,643,5479,539,9896,1,9185,2622,2230,422,2221,6,3000,27,8669,33,2777,6,5770,333,3435,3,0988,4,6479,4,2741,36,2465,-0,3632,1,8326,0,2297,3,1256,3,0988,4,6479,4,2741,36,2465,0,0000,0,0000,0,0000,0,0000,0,0000,2,0667,36,1235,4,3172,0,4484,44,9228,0,8027,0,0959,0,4511,0,9984,-25,6045,109,4676,0,2866,173,7617,0,6200,0,3516,-0,1135,1,2425,0,4952,0,2601,-0,0746,0,9748
2026-04-16 14:00:03.043,63,742,1,2333,655,5601,539,8775,1,8567,2622,2230,355,5527,5,7333,28,4248,34,8339,6,2534,333,3435,3,0498,4,7985,4,2811,36,2465,-0,4273,1,8627,0,3180,3,1256,3,0498,4,7985,4,2811,36,2465,0,0000,0,0000,0,0000,0,0000,0,0000,1,9333,36,2741,4,3664,0,4115,44,9228,0,8061,0,0970,0,4142,0,9984,-27,2623,108,4873,0,3147,173,7617,0,6321,0,3527,-0,1300,1,2425,0,4959,0,2607,-0,0755,0,9748
2026-04-16 14:00:03.553,64,253,1,2333,657,9616,541,0082,1,8347,2622,2230,622,2076,5,6000,27,3819,31,8897,7,1066,333,3435,2,9160,4,2715,4,2775,36,2465,-0,3523,1,8507,0,2277,3,1256,2,9160,4,2715,4,2775,36,2465,0,0000,0,0000,0,0000,0,0000,0,0000,1,9000,36,3296,4,3537,0,3924,44,9228,0,8073,0,0967,0,3946,0,9984,-22,4664,108,9650,0,2154,173,7617,0,6250,0,3597,-0,0954,1,2425,0,5015,0,2670,-0,0946,0,9748
2026-04-16 14:00:04.065,64,764,1,2667,653,5144,538,4033,1,8176,2622,2230,622,2076,5,2667,27,7081,32,8562,6,8794,333,3435,2,8022,4,2440,4,5231,36,2465,-0,2681,1,8338,0,2039,3,1256,2,8022,4,2440,4,5231,36,2465,0,0000,0,0000,0,0000,0,0000,0,0000,1,8667,36,3352,4,3770,0,3917,44,9228,0,8074,0,0972,0,3948,0,9984,-20,3687,108,0708,0,2033,173,7617,0,6244,0,3620,-0,0939,1,2425,0,5010,0,2692,-0,0876,0,9748
2026-04-16 14:00:04.576,65,276,1,2667,654,6837,537,8273,1,8199,2622,2230,155,5481,5,2333,27,7430,32,9577,6,8563,333,3435,2,8154,4,2543,4,5105,36,2465,-0,2730,1,8386,0,2111,3,1256,2,8154,4,2543,4,5105,36,2465,0,0000,0,0000,0,0000,0,0000,0,0000,1,8333,36,4028,4,3875,0,3608,44,9228,0,8089,0,0975,0,3639,0,9984,-21,2612,108,8441,0,2256,173,7617,0,6238,0,3653,-0,0880,1,2425,0,5035,0,2710,-0,1125,0,9748
2026-04-16 14:00:05.087,65,787,1,2333,672,3777,538,4764,1,7874,2622,2230,400,0053,5,2000,27,7787,33,0602,6,8331,333,3435,2,7994,4,2659,4,5132,36,2465,-0,1991,1,8255,0,1263,3,1256,2,7994,4,2659,4,5132,36,2465,0,0000,0,0000,0,0000,0,0000,0,0000,1,8333,36,4640,4,4026,0,3200,44,9228,0,8103,0,0978,0,3230,0,9984,-18,3446,108,4152,0,1637,173,7617,0,6288,0,3637,-0,1246,1,2425,0,5011,0,2697,-0,0962,0,9748
2026-04-16 14:00:05.598,66,298,1,2333,674,7772,536,9333,1,7951,2622,2230,555,5687,5,0667,27,9255,33,4798,6,7395,333,3435,2,8061,4,3125,4,4789,36,2465,-0,1767,1,8438,0,1059,3,1256,2,8061,4,3125,4,4789,36,2465,0,0000,0,0000,0,0000,0,0000,0,0000,1,7667,36,4138,4,2577,0,3022,44,7538,0,8092,0,0946,0,3051,0,9945,-15,6580,109,4887,0,1035,173,7617,0,6433,0,3626,-0,2055,1,2425,0,4893,0,2659,-0,0813,0,9320
2026-04-16 14:00:06.109,66,809,1,2333,677,7794,541,1245,1,7211,2622,2230,155,5405,4,9667,28,0402,33,8053,6,6684,333,3435,2,8374,4,3496,4,4325,36,2465,-0,2011,1,8540,0,1398,3,1256,2,8374,4,3496,4,4325,36,2465,0,0000,0,0000,0,0000,0,0000,0,0000,1,7333,36,4952,4,2574,0,2696,44,7538,0,8110,0,0946,0,2726,0,9945,-16,9174,110,1555,0,1339,173,7617,0,6467,0,3653,-0,2302,1,2425,0,4878,0,2682,-0,0643,0,9320
2026-04-16 14:00:06.620,67,320,1,2333,683,1854,541,0220,1,7041,2622,2230,544,6510,4,9000,27,0614,31,6963,7,5758,333,3435,2,4442,3,2525,3,5018,23,8398,-0,3372,1,8956,0,2811,3,1256,2,4442,3,2525,3,5018,23,8398,0,0000,0,0000,0,0000,0,0000,0,0000,1,7667,36,5468,4,2334,0,2376,44,7538,0,8121,0,0940,0,2406,0,9945,-19,4987,110,6876,0,1638,173,7617,0,6501,0,3626,-0,2567,1,2425,0,4865,0,2658,-0,0499,0,9320
2026-04-16 14:00:07.131,67,831,1,2333,696,9986,535,5739,1,6965,2622,2230,544,6510,4,4333,25,2314,19,9861,6,6159,177,7802,2,3984,2,8447,2,6437,16,4616,-0,1484,1,8729,0,1465,3,1256,2,3984,2,8447,2,6437,16,4616,0,0000,0,0000,0,0000,0,0000,0,0000,1,6000,36,1286,4,0641,0,2706,44,4937,0,8028,0,0902,0,2737,0,9883,-6,6847,108,4638,-0,0050,173,7617,0,6299,0,3741,-0,1206,1,2425,0,5044,0,2695,-0,1641,0,9320
2026-04-16 14:00:07.642,68,342,1,2667,689,1827,531,0059,1,7333,2622,2230,544,6510,4,2333,25,3734,20,4419,6,4547,177,7802,2,2657,2,6328,2,9088,16,4616,0,0924,1,7801,0,0140,3,1256,2,2657,2,6328,2,9088,16,4616,0,0000,0,0000,0,0000,0,0000,0,0000,1,5000,36,1422,3,9635,0,2075,44,4937,0,8031,0,0880,0,2110,0,9883,3,7085,104,0144,-0,0818,173,7617,0,6182,0,3827,-0,0410,1,2425,0,5203,0,2695,-0,2800,0,9320
2026-04-16 14:00:08.153,68,853,1,2333,706,3023,535,6870,1,6448,2622,2230,155,5519,4,2333,25,3735,20,4418,6,4547,177,7802,2,2662,2,6325,2,9094,16,4616,0,1039,1,7673,0,0201,3,1256,2,2662,2,6325,2,9094,16,4616,0,0000,0,0000,0,0000,0,0000,0,0000,1,5000,36,2043,3,8900,0,2411,44,4937,0,8045,0,0864,0,2450,0,9883,5,5703,101,9874,-0,0733,173,7617,0,6122,0,3849,-0,0020,1,2425,0,5267,0,2691,-0,3452,0,9320
2026-04-16 14:00:08.665,69,364,1,2333,714,7111,529,3805,1,6846,2622,2230,221,9582,3,9000,25,6426,21,2759,6,1766,177,7802,2,3395,2,7223,2,7806,16,4616,0,2765,1,7360,-0,1431,3,1256,2,3395,2,7223,2,7806,16,4616,0,0000,0,0000,0,0000,0,0000,0,0000,1,4000,36,0395,3,9087,0,2927,44,4937,0,8008,0,0868,0,2969,0,9883,13,2937,101,2267,-0,2218,173,7617,0,6389,0,3835,-0,1273,1,2425,0,5050,0,2653,-0,2550,0,9320
2026-04-16 14:00:09.175,69,876,1,2000,739,5101,531,4130,1,5863,2622,2230,111,1145,3,6333,25,8941,22,0219,5,9447,177,7802,2,4171,2,7962,2,6798,16,4616,0,2944,1,7793,-0,1456,3,1256,2,4171,2,7962,2,6798,16,4616,0,0000,0,0000,0,0000,0,0000,0,0000,1,2333,36,1147,4,0079,0,2951,44,4937,0,8025,0,0890,0,2982,0,9883,15,3096,103,7000,-0,1893,173,7617,0,6332,0,3796,-0,0681,1,2425,0,5142,0,2516,-0,3512,0,9320
2026-04-16 14:00:09.687,70,387,1,2000,732,7144,537,2407,1,5445,2622,2230,511,0931,3,8333,25,7025,21,4552,6,1194,177,7802,2,4075,2,7460,2,6988,16,4616,0,2677,1,7975,-0,1157,3,1256,2,4075,2,7460,2,6988,16,4616,0,0000,0,0000,0,0000,0,0000,0,0000,1,2667,35,9699,3,8382,0,2343,43,3869,0,7993,0,0852,0,2386,0,9641,16,8685,104,8877,-0,1765,173,7617,0,6248,0,3673,-0,0654,1,2425,0,5097,0,2475,-0,3079,0,9320
2026-04-16 14:00:10.198,70,898,1,2333,715,3132,537,5176,1,5754,2622,2230,177,7611,3,7333,25,7958,21,7330,6,0327,177,7802,2,4720,2,7691,2,6393,16,4616,0,2593,1,7133,-0,0749,3,1256,2,4720,2,7691,2,6393,16,4616,0,0000,0,0000,0,0000,0,0000,0,0000,1,2000,35,9501,3,8151,0,2484,43,3869,0,7989,0,0847,0,2531,0,9641,18,1653,99,6340,-0,1387,173,7617,0,5987,0,3588,0,0000,1,2425,0,5295,0,2370,-0,3497,0,9320
2026-04-16 14:00:10.709,71,409,1,2333,712,3105,534,0568,1,6429,2622,2230,488,9297,3,9000,25,6430,21,2759,6,1766,177,7802,2,4463,2,7152,2,7063,16,4616,0,0993,1,7900,-0,0187,3,1256,2,4463,2,7152,2,7063,16,4616,0,0000,0,0000,0,0000,0,0000,0,0000,1,2000,36,0333,3,7520,0,2358,43,3869,0,8007,0,0833,0,2410,0,9641,11,1022,103,2724,-0,0826,173,7617,0,6208,0,3480,-0,0666,1,2425,0,5163,0,2403,-0,2366,0,9320
2026-04-16 14:00:11.221,71,920,1,2333,711,7089,534,0956,1,6470,2622,2230,688,9000,3,9333,25,6140,21,1878,6,2049,177,7802,2,4275,2,7088,2,7213,16,4616,0,1076,1,7828,-0,0325,3,1256,2,4275,2,7088,2,7213,16,4616,0,0000,0,0000,0,0000,0,0000,0,0000,1,2000,36,0333,3,7520,0,2358,43,3869,0,8007,0,0833,0,2410,0,9641,11,1022,103,2724,-0,0826,173,7617,0,6208,0,3480,-0,0666,1,2425,0,5163,0,2403,-0,2366,0,9320
2026-04-16 14:00:11.732,72,431,1,2333,711,1072,537,1002,1,6133,2622,2230,288,8298,3,9667,25,5853,21,1009,6,2332,177,7802,2,5020,2,6985,2,6090,16,4616,0,0842,1,7585,-0,0460,3,1256,2,5020,2,6985,2,6090,16,4616,0,0000,0,0000,0,0000,0,0000,0,0000,1,1333,35,8003,3,6725,0,2771,43,3869,0,7955,0,0815,0,2815,0,9641,7,3397,103,0745,-0,0649,173,7617,0,5916,0,3360,-0,0077,1,2425,0,5292,0,2390,-0,3229,0,9320
2026-04-16 14:00:12.243,72,942,1,2333,710,5081,537,3595,1,6136,2622,2230,288,8870,4,0000,25,5573,21,0151,6,2613,177,7802,2,4745,2,6620,2,6530,16,4616,0,0718,1,7705,-0,0585,3,1256,2,4745,2,6620,2,6530,16,4616,0,0000,0,0000,0,0000,0,0000,0,0000,1,1667,35,8828,3,6515,0,2202,43,3869,0,7973,0,0810,0,2244,0,9641,8,3527,101,7629,-0,0941,173,7617,0,5928,0,3312,-0,0190,1,2425,0,5314,0,2359,-0,3531,0,9320
2026-04-16 14:00:12.754,73,453,1,2000,730,8606,539,5670,1,5435,2622,2230,666,6450,3,9667,25,5852,21,1009,6,2332,177,7802,2,4853,2,6705,2,6385,16,4616,0,0766,1,7772,-0,0661,3,1256,2,4853,2,6705,2,6385,16,4616,0,0000,0,0000,0,0000,0,0000,0,0000,1,1667,35,8828,3,6515,0,2202,43,3869,0,7973,0,0810,0,2244,0,9641,8,3527,101,7629,-0,0941,173,7617,0,5928,0,3312,-0,0190,1,2425,0,5314,0,2359,-0,3531,0,9320
2026-04-16 14:00:13.264,73,964,1,2333,709,3065,547,3970,1,5191,2622,2230,155,5557,4,0667,25,5025,20,8464,6,3171,177,7802,2,4500,2,6474,2,6772,16,4616,0,1139,1,7709,-0,1127,3,1256,2,4500,2,6474,2,6772,16,4616,0,0000,0,0000,0,0000,0,0000,0,0000,1,2333,35,9482,3,7804,0,2454,43,3869,0,7988,0,0839,0,2495,0,9641,12,6716,100,6186,-0,1935,173,7617,0,5652,0,3423,0,0459,1,2425,0,5470,0,2402,-0,3683,0,9412
2026-04-16 14:00:13.775,74,476,1,2333,700,8980,545,4240,1,5826,2622,2230,622,2191,4,5000,25,1867,19,8409,6,6688,177,7802,2,3685,2,5574,2,7822,16,4616,-0,0635,1,7767,0,0917,3,1256,2,3685,2,5574,2,7822,16,4616,0,0000,0,0000,0,0000,0,0000,0,0000,1,4000,36,6064,3,9518,0,1646,44,4147,0,8134,0,0877,0,1692,0,9868,-6,6806,100,2124,0,1524,173,7617,0,5008,0,3570,0,2887,1,2425,0,5942,0,2540,-0,4845,0,9860
2026-04-16 14:00:14.286,74,987,1,2667,681,2841,546,6014,1,6102,2622,2230,111,0992,4,5667,25,1434,19,6987,6,7213,177,7802,2,3439,2,5467,2,8010,16,4616,-0,0915,1,7787,0,1189,3,1256,2,3439,2,5467,2,8010,16,4616,0,0000,0,0000,0,0000,0,0000,0,0000,1,4667,36,3369,4,0537,0,2030,44,4147,0,8074,0,0900,0,2068,0,9868,-11,5432,100,4146,0,2348,173,7617,0,4876,0,3542,0,3673,1,2425,0,5969,0,2485,-0,5265,0,9860
2026-04-16 14:00:14.798,75,498,1,2000,721,6042,547,2073,1,5196,2622,2230,311,1000,4,4333,25,2308,19,9862,6,6159,177,7802,2,3591,2,5773,2,7676,16,4616,-0,1740,1,7381,0,1488,3,1256,2,3591,2,5773,2,7676,16,4616,0,0000,0,0000,0,0000,0,0000,0,0000,1,4333,36,4218,4,0617,0,1607,44,4147,0,8093,0,0902,0,1646,0,9868,-15,8526,97,4703,0,2356,159,4963,0,4765,0,3507,0,4238,1,2425,0,6084,0,2396,-0,5425,0,9860
2026-04-16 14:00:15.309,76,009,1,1667,744,7678,558,8503,1,3948,2622,2230,1088,8520,4,3333,25,3002,20,2102,6,5358,177,7802,2,3673,2,6055,2,7315,16,4616,-0,1615,1,7558,0,1273,3,1256,2,3673,2,6055,2,7315,16,4616,0,0000,0,0000,0,0000,0,0000,0,0000,1,4333,36,4218,4,0617,0,1607,44,4147,0,8093,0,0902,0,1646,0,9868,-15,8526,97,4703,0,2356,159,4963,0,4765,0,3507,0,4238,1,2425,0,6084,0,2396,-0,5425,0,9860
2026-04-16 14:00:15.820,76,520,1,1667,744,7627,579,9321,1,4327,2622,2230,577,7740,4,3333,25,3002,20,2102,6,5358,177,7802,2,3673,2,6055,2,7315,16,4616,-0,1615,1,7558,0,1273,3,1256,2,3673,2,6055,2,7315,16,4616,0,0000,0,0000,0,0000,0,0000,0,0000,1,4333,36,4218,4,0617,0,1607,44,4147,0,8093,0,0902,0,1646,0,9868,-15,8526,97,4703,0,2356,159,4963,0,4765,0,3507,0,4238,1,2425,0,6084,0,2396,-0,5425,0,9860
2026-04-16 14:00:16.331,77,031,1,1667,741,5904,605,2587,1,4458,2622,2230,1044,5210,4,4000,25,2529,20,0602,6,5893,177,7802,2,3521,2,5899,2,7545,16,4616,-0,1862,1,7552,0,1510,3,1256,2,3521,2,5899,2,7545,16,4616,0,0000,0,0000,0,0000,0,0000,0,0000,1,4667,36,2993,4,0948,0,1911,44,4147,0,8066,0,0910,0,1932,0,9868,-17,0776,96,6906,0,2700,159,4963,0,4738,0,3471,0,4498,1,2425,0,6087,0,2369,-0,5535,0,9860
2026-04-16 14:00:16.842,77,542,1,2333,696,6976,602,6341,1,5471,2622,2230,622,2039,4,5667,25,1423,19,6989,6,7213,177,7802,2,3062,2,5532,2,8198,16,4616,-0,1862,1,7224,0,1543,3,1256,2,3062,2,5532,2,8198,16,4616,0,0000,0,0000,0,0000,0,0000,0,0000,1,5000,36,4414,4,0592,0,0995,44,4147,0,8097,0,0902,0,1014,0,9868,-16,6250,95,4981,0,2606,159,4963,0,4940,0,3591,0,3613,1,2425,0,5973,0,2401,-0,4342,0,9860
2026-04-16 14:00:17.353,78,053,1,2333,693,0944,603,4668,1,5576,2622,2230,111,1145,4,7667,25,0198,19,2901,6,8764,177,7802,2,3783,2,6146,2,6702,16,4616,-0,1986,1,6870,0,1792,3,1256,2,3783,2,6146,2,6702,16,4616,0,0000,0,0000,0,0000,0,0000,0,0000,1,5333,36,3825,4,0342,0,1364,44,4147,0,8084,0,0896,0,1381,0,9868,-16,8523,94,4667,0,2706,159,4963,0,5024,0,3596,0,3088,1,2425,0,5913,0,2409,-0,3786,0,9860
2026-04-16 14:00:17.865,78,564,1,2333,687,6880,577,6584,1,4268,2333,3090,2333,3090,4,9333,24,9255,18,9681,7,0029,177,7802,2,4118,2,6006,2,6154,16,4616,-0,2688,1,6341,0,1449,2,9767,2,4118,2,6006,2,6154,16,4616,0,0000,0,0000,0,0000,0,0000,0,0000,1,5000,36,2143,4,1324,0,2115,44,4147,0,8047,0,0918,0,2136,0,9868,-22,3839,89,2375,0,2148,145,8235,0,4894,0,3529,0,3481,1,2425,0,5920,0,2456,-0,4130,0,9860
2026-04-16 14:00:18.376,79,076,1,2667,663,7447,537,9211,1,3243,2200,0350,1799,9920,5,1000,25,8536,22,3620,6,0967,177,7802,2,6023,3,2621,3,8170,26,5736,-0,2213,1,6814,0,1401,3,1016,2,6023,3,2621,3,8170,26,5736,0,0000,0,0000,0,0000,0,0000,0,0000,1,5333,36,2249,4,0879,0,2059,44,4147,0,8049,0,0908,0,2083,0,9868,-18,0341,92,9605,0,2622,177,7069,0,5046,0,3637,0,3407,1,2425,0,5795,0,2569,-0,4500,0,9860
2026-04-16 14:00:18.887,79,587,1,3000,643,3065,510,4256,1,3902,2200,0350,1288,8600,5,2333,25,7609,22,0827,6,1821,177,7802,2,6192,3,2346,3,8083,26,5736,-0,1665,1,7087,0,1332,3,1016,2,6192,3,2346,3,8083,26,5736,0,0000,0,0000,0,0000,0,0000,0,0000,1,5333,36,2249,4,0879,0,2059,44,4147,0,8049,0,0908,0,2083,0,9868,-18,0341,92,9605,0,2622,177,7069,0,5046,0,3637,0,3407,1,2425,0,5795,0,2569,-0,4500,0,9860
2026-04-16 14:00:19.398,80,098,1,3000,643,3070,500,0511,1,4307,2200,0350,777,7672,5,2333,25,7609,22,0827,6,1821,177,7802,2,6192,3,2346,3,8083,26,5736,-0,1665,1,7087,0,1332,3,1016,2,6192,3,2346,3,8083,26,5736,0,0000,0,0000,0,0000,0,0000,0,0000,1,5333,36,2249,4,0879,0,2059,44,4147,0,8049,0,0908,0,2083,0,9868,-18,0341,92,9605,0,2622,177,7069,0,5046,0,3637,0,3407,1,2425,0,5795,0,2569,-0,4500,0,9860
2026-04-16 14:00:19.909,80,609,1,3000,643,3067,516,1014,1,3690,2200,0350,266,6473,5,2333,25,7609,22,0827,6,1821,177,7802,2,6192,3,2346,3,8083,26,5736,-0,1665,1,7087,0,1332,3,1016,2,6192,3,2346,3,8083,26,5736,0,0000,0,0000,0,0000,0,0000,0,0000,1,5333,36,2249,4,0879,0,2059,44,4147,0,8049,0,0908,0,2083,0,9868,-18,0341,92,9605,0,2622,177,7069,0,5046,0,3637,0,3407,1,2425,0,5795,0,2569,-0,4500,0,9860
2026-04-16 14:00:20.420,81,120,1,3000,643,8779,520,0741,1,3084,2200,0350,1866,6530,5,3000,25,7158,21,9470,6,2244,177,7802,2,6071,3,2157,3,8385,26,5736,-0,1512,1,7019,0,1055,3,1016,2,6071,3,2157,3,8385,26,5736,0,0000,0,0000,0,0000,0,0000,0,0000,1,5333,36,5351,3,9717,0,1489,44,4147,0,8117,0,0883,0,1488,0,9868,-19,0818,91,5982,0,2492,177,7069,0,4982,0,3665,0,3734,1,2425,0,5883,0,2621,-0,4769,0,9860
2026-04-16 14:00:20.931,81,631,1,3333,622,7803,491,6458,1,3183,2200,0350,1355,5300,5,5333,25,5686,21,4908,6,3701,177,7802,2,5682,3,1554,3,9256,26,5736,-0,2162,1,7290,0,1511,3,1016,2,5682,3,1554,3,9256,26,5736,0,0000,0,0000,0,0000,0,0000,0,0000,1,5667,36,4220,4,0034,0,1772,44,4147,0,8092,0,0890,0,1774,0,9868,-21,8986,92,6103,0,2651,177,7069,0,5018,0,3634,0,3474,1,2425,0,5839,0,2610,-0,4326,0,9860
2026-04-16 14:00:21.443,82,142,1,3333,610,5587,479,1973,1,4142,2200,0350,866,6611,5,8333,26,0314,22,4661,5,8575,177,7802,2,5929,3,1358,3,8195,26,5736,-0,2350,1,7576,0,1412,3,1016,2,5929,3,1358,3,8195,26,5736,0,0000,0,0000,0,0000,0,0000,0,0000,1,7000,36,6301,4,0614,0,0950,44,4147,0,8139,0,0903,0,0951,0,9868,-28,6327,95,2837,0,2656,177,7069,0,5322,0,3664,0,1931,1,2425,0,5744,0,2576,-0,3447,0,9860
2026-04-16 14:00:21.954,82,653,1,4000,581,4835,473,1716,1,5554,2200,0350,355,5145,5,9000,25,9884,22,3425,5,8937,177,7802,2,5718,3,1243,3,8362,26,5736,-0,2302,1,7483,0,1338,3,1016,2,5718,3,1243,3,8362,26,5736,0,0000,0,0000,0,0000,0,0000,0,0000,1,7667,36,4835,4,0839,0,1211,44,4147,0,8106,0,0908,0,1214,0,9868,-27,1449,93,7844,0,2236,177,7069,0,5435,0,3640,0,1183,1,2425,0,5591,0,2656,-0,3093,0,9860
2026-04-16 14:00:22.464,83,164,1,4000,583,0674,473,7155,1,5359,2200,0350,244,3695,5,8667,26,0098,22,4041,5,8756,177,7802,2,5814,3,1305,3,8265,26,5736,-0,2312,1,7532,0,1352,3,1016,2,5814,3,1305,3,8265,26,5736,0,0000,0,0000,0,0000,0,0000,0,0000,1,7333,36,4163,4,0938,0,1599,44,4147,0,8091,0,0910,0,1602,0,9868,-27,6157,94,6198,0,2365,177,7069,0,5301,0,3542,0,0969,1,1896,0,5688,0,2587,-0,3120,0,9860
2026-04-16 14:00:22.976,83,675,1,3667,597,2898,483,0155,1,4229,2200,0350,355,5527,5,8667,26,0097,22,4041,5,8756,177,7802,2,5851,3,1287,3,8306,26,5736,-0,2315,1,7536,0,1344,3,1016,2,5851,3,1287,3,8306,26,5736,0,0000,0,0000,0,0000,0,0000,0,0000,1,7000,36,5000,4,0895,0,1244,44,4147,0,8110,0,0909,0,1247,0,9868,-24,7409,93,2668,0,2354,177,7069,0,5211,0,3517,0,1340,1,1896,0,5779,0,2527,-0,3254,0,9860
2026-04-16 14:00:23.487,84,187,1,3333,606,6729,485,1599,1,3940,2200,0350,1511,0780,5,9667,25,9463,22,2208,5,9297,177,7802,2,5625,3,1087,3,8592,26,5736,-0,2748,1,7859,0,1496,3,1104,2,5625,3,1087,3,8592,26,5736,0,0000,0,0000,0,0000,0,0000,0,0000,1,7667,36,6189,4,1113,0,0606,44,4147,0,8136,0,0914,0,0612,0,9868,-29,7160,97,5187,0,2832,177,7069,0,5482,0,3634,0,0463,1,1896,0,5496,0,2732,-0,2866,0,9860
2026-04-16 14:00:23.998,84,698,1,3667,591,3333,467,5717,1,4759,2200,0350,1155,5100,6,0667,25,8850,22,0420,5,9833,177,7802,2,5436,3,0899,3,8809,26,5736,-0,2948,1,7796,0,1733,3,1104,2,5436,3,0899,3,8809,26,5736,0,0000,0,0000,0,0000,0,0000,0,0000,1,8667,36,6319,4,2150,0,0959,44,4147,0,8139,0,0937,0,0969,0,9868,-33,0476,96,0139,0,3623,177,7069,0,5387,0,3581,0,0226,1,1896,0,5623,0,2656,-0,4006,0,9860
2026-04-16 14:00:24.509,85,209,1,3667,591,3330,459,2030,1,5213,2200,0350,644,3824,6,0667,25,8850,22,0420,5,9833,177,7802,2,5436,3,0899,3,8809,26,5736,-0,2948,1,7796,0,1733,3,1104,2,5436,3,0899,3,8809,26,5736,0,0000,0,0000,0,0000,0,0000,0,0000,1,8667,36,6319,4,2150,0,0959,44,4147,0,8139,0,0937,0,0969,0,9868,-33,0476,96,0139,0,3623,177,7069,0,5387,0,3581,0,0226,1,1896,0,5623,0,2656,-0,4006,0,9860
2026-04-16 14:00:25.020,85,720,1,3667,581,0363,465,9394,1,5051,2200,0350,133,3199,6,5000,26,2106,22,6574,5,6448,177,7802,2,6883,3,4677,4,1263,26,5736,-0,2547,1,7630,0,1601,3,1104,2,6883,3,4677,4,1263,26,5736,0,0000,0,0000,0,0000,0,0000,0,0000,1,8667,36,6319,4,2150,0,0959,44,4147,0,8139,0,0937,0,0969,0,9868,-33,0476,96,0139,0,3623,177,7069,0,5387,0,3581,0,0226,1,1896,0,5623,0,2656,-0,4006,0,9860
2026-04-16 14:00:25.575,86,276,1,3667,574,5296,470,2635,1,4858,2200,0350,133,3389,6,7333,26,8425,24,6852,5,2825,177,7802,2,6738,3,4742,4,0562,26,5736,-0,4497,1,7830,0,2316,3,1104,2,6738,3,4742,4,0562,26,5736,0,0000,0,0000,0,0000,0,0000,0,0000,2,0000,36,7377,4,2717,0,0351,44,4147,0,8163,0,0951,0,0376,0,9868,-45,5857,97,7057,0,4961,177,7069,0,5934,0,3752,-0,0638,1,2529,0,5314,0,2717,-0,1832,0,9860
2026-04-16 14:00:26.088,86,787,1,3667,568,5665,474,2540,1,4684,2200,0350,377,5864,6,9333,26,7094,24,3388,5,3685,177,7802,2,6954,3,4949,3,9266,26,5736,-0,3728,1,8161,0,2056,3,1104,2,6954,3,4949,3,9266,26,5736,0,0000,0,0000,0,0000,0,0000,0,0000,2,1333,36,7998,4,3449,0,0399,44,4147,0,8177,0,0966,0,0431,0,9868,-40,0633,98,7508,0,4460,177,7069,0,6202,0,3816,-0,1193,1,2692,0,5196,0,2699,-0,1171,0,9860
2026-04-16 14:00:26.598,87,298,1,3667,577,7815,471,1926,1,4516,2200,0350,244,4496,6,7000,26,0918,22,3267,5,7389,177,7725,2,6400,3,4621,4,1061,26,5736,-0,4231,1,8144,0,2568,3,1104,2,6400,3,4621,4,1061,26,5736,0,0000,0,0000,0,0000,0,0000,0,0000,2,1000,36,7153,4,3268,0,0701,44,4147,0,8158,0,0962,0,0735,0,9868,-42,0690,98,2295,0,4878,177,7069,0,6286,0,3786,-0,1469,1,2692,0,5130,0,2669,-0,1079,0,9860
2026-04-16 14:00:27.110,87,809,1,3000,610,2599,483,0880,1,2833,2200,0350,311,2907,6,5333,26,1906,22,6010,5,6606,177,7725,2,6290,3,4974,4,0920,26,5736,-0,4067,1,8328,0,2312,3,1104,2,6290,3,4974,4,0920,26,5736,0,0000,0,0000,0,0000,0,0000,0,0000,2,1000,36,7153,4,3268,0,0701,44,4147,0,8158,0,0962,0,0735,0,9868,-42,0690,98,2295,0,4878,177,7069,0,6286,0,3786,-0,1469,1,2692,0,5130,0,2669,-0,1079,0,9860
2026-04-16 14:00:27.621,88,320,1,2667,631,5811,508,1864,1,2147,2200,0350,199,9969,6,3000,26,3376,23,0026,5,5491,177,7725,2,6749,3,5487,4,0271,26,5736,-0,3846,1,8604,0,1968,3,1104,2,6749,3,5487,4,0271,26,5736,0,0000,0,0000,0,0000,0,0000,0,0000,1,9333,36,7893,4,4253,0,0358,44,4147,0,8175,0,0984,0,0393,0,9868,-41,5822,102,0572,0,4593,177,7069,0,6290,0,3835,-0,1418,1,2692,0,5104,0,2706,-0,0827,0,9860
2026-04-16 14:00:28.133,88,831,1,3000,622,2256,520,7339,1,2641,2200,0350,111,1183,6,2333,25,7869,21,7519,6,0718,177,7725,2,5581,3,3979,4,3588,26,5736,-0,4752,1,8247,0,2830,3,1104,2,5581,3,3979,4,3588,26,5736,0,0000,0,0000,0,0000,0,0000,0,0000,2,0000,36,8518,4,4257,0,0334,44,4147,0,8189,0,0984,0,0371,0,9868,-45,5100,98,7065,0,5242,177,7069,0,6357,0,3808,-0,1850,1,2692,0,5118,0,2688,-0,0891,0,9860
2026-04-16 14:00:28.642,89,342,1,3000,614,2479,525,7556,1,2541,2200,0350,133,3084,6,4667,26,1162,22,2223,5,7354,177,7725,2,5734,3,3633,4,3293,26,5736,-0,4425,1,8421,0,2727,3,1267,2,5734,3,3633,4,3293,26,5736,0,0000,0,0000,0,0000,0,0000,0,0000,2,0333,36,6014,4,4361,0,1107,44,4147,0,8132,0,0986,0,1130,0,9868,-46,0738,102,2915,0,5901,179,1487,0,6545,0,3806,-0,2945,1,2692,0,4884,0,2758,-0,0802,0,9860
2026-04-16 14:00:29.155,89,853,1,3000,614,2484,515,5398,1,3309,2200,0350,755,5847,6,4000,26,1567,22,3342,5,7031,177,7725,2,5679,3,3830,4,3026,26,5736,-0,4661,1,8390,0,3015,3,1267,2,5679,3,3830,4,3026,26,5736,0,0000,0,0000,0,0000,0,0000,0,0000,2,0667,36,6156,4,4016,0,1020,44,4147,0,8135,0,0978,0,1046,0,9868,-44,9524,101,8405,0,5605,179,1487,0,6588,0,3790,-0,3217,1,2692,0,4874,0,2737,-0,0698,0,9860
2026-04-16 14:00:29.665,90,364,1,3000,610,8287,518,5607,1,3215,2200,0350,266,6855,6,4667,26,1162,22,2223,5,7354,177,7725,2,5493,3,3704,4,3210,26,5736,-0,4856,1,8394,0,3187,3,1267,2,5493,3,3704,4,3210,26,5736,0,0000,0,0000,0,0000,0,0000,0,0000,2,1333,36,5454,4,3498,0,1465,44,4147,0,8120,0,0967,0,1490,0,9868,-47,7721,101,4589,0,6105,179,1487,0,6542,0,3740,-0,2897,1,2692,0,4925,0,2709,-0,1195,0,9860
2026-04-16 14:00:30.177,90,876,1,2667,624,5651,519,8911,1,2811,2200,0350,1599,9760,6,4667,26,1162,22,2223,5,7354,177,7725,2,5482,3,3709,4,3199,26,5736,-0,4867,1,8409,0,3170,3,1267,2,5482,3,3709,4,3199,26,5736,0,0000,0,0000,0,0000,0,0000,0,0000,2,1667,36,6517,4,3992,0,1265,44,4147,0,8144,0,0978,0,1296,0,9868,-49,5764,101,7050,0,6264,179,1487,0,6625,0,3771,-0,2983,1,2692,0,4900,0,2696,-0,0949,0,9860
2026-04-16 14:00:30.687,91,387,1,3000,617,0965,506,7692,1,3164,2200,0350,1444,4200,6,2667,25,5314,20,4867,6,2975,177,7725,2,4964,3,3043,4,5811,26,5736,-0,4439,1,8733,0,2874,3,1267,2,4964,3,3043,4,5811,26,5736,0,0000,0,0000,0,0000,0,0000,0,0000,2,0667,36,7574,4,4382,0,0844,44,4147,0,8167,0,0986,0,0878,0,9868,-48,3852,103,9660,0,5814,179,1487,0,6821,0,3743,-0,3981,1,2692,0,4793,0,2707,-0,0215,0,9860
2026-04-16 14:00:31.199,91,898,1,3000,603,9904,491,5855,1,4068,2200,0350,933,2809,7,0333,25,1709,19,3654,6,6986,177,7725,2,4455,3,4460,4,5886,26,5736,-0,3843,1,8173,0,2403,3,1267,2,4455,3,4460,4,5886,26,5736,0,0000,0,0000,0,0000,0,0000,0,0000,2,4000,36,6827,4,2203,0,1789,44,4147,0,8151,0,0938,0,1822,0,9868,-43,1781,99,3014,0,4348,179,1487,0,7407,0,3771,-0,6042,1,2692,0,4384,0,2787,0,1385,0,9860
2026-04-16 14:00:31.709,92,409,1,3000,590,8862,489,4399,1,4966,2200,0350,422,2183,7,6333,24,9391,18,6056,6,9965,177,7725,2,4460,3,3354,4,6732,26,5736,-0,3437,1,9119,0,2383,3,1267,2,4460,3,3354,4,6732,26,5736,0,0000,0,0000,0,0000,0,0000,0,0000,2,4333,36,7508,4,2309,0,1491,44,4147,0,8166,0,0940,0,1523,0,9868,-42,6599,98,7169,0,4215,179,1487,0,7482,0,3799,-0,6009,1,2894,0,4340,0,2793,0,1623,0,9860
2026-04-16 14:00:32.220,92,920,1,3000,590,8859,487,8066,1,5077,2200,0350,888,9008,7,6333,24,9391,18,6056,6,9965,177,7725,2,4471,3,3349,4,6747,26,5736,-0,3307,1,9050,0,2303,3,1267,2,4471,3,3349,4,6747,26,5736,0,0000,0,0000,0,0000,0,0000,0,0000,2,4333,36,9042,4,2094,0,1080,44,4147,0,8200,0,0936,0,1114,0,9868,-40,3225,97,8723,0,3878,179,1487,0,7563,0,3848,-0,6052,1,2894,0,4336,0,2797,0,1632,0,9860
2026-04-16 14:00:32.732,93,431,1,3333,575,5579,484,2539,1,5798,2200,0350,377,7847,7,6667,24,9273,18,5660,7,0127,177,7725,2,4419,3,3286,4,6855,26,5736,-0,3413,1,9077,0,2358,3,1267,2,4419,3,3286,4,6855,26,5736,0,0000,0,0000,0,0000,0,0000,0,0000,2,4333,36,9042,4,2094,0,1080,44,4147,0,8200,0,0936,0,1114,0,9868,-40,3225,97,8723,0,3878,179,1487,0,7563,0,3848,-0,6052,1,2894,0,4336,0,2797,0,1632,0,9860
2026-04-16 14:00:33.242,93,941,1,3000,592,5745,486,2045,1,5079,2200,0350,666,7328,7,5667,24,9631,18,6857,6,9640,177,7725,2,4304,3,3368,4,7139,26,5736,-0,3629,1,9110,0,2633,3,1267,2,4304,3,3368,4,7139,26,5736,0,0000,0,0000,0,0000,0,0000,0,0000,2,4000,36,8734,4,2304,0,1277,44,4147,0,8193,0,0940,0,1314,0,9868,-41,9124,97,6090,0,4228,179,1487,0,7640,0,3817,-0,6459,1,2894,0,4278,0,2773,0,1857,0,9860
2026-04-16 14:00:33.754,94,453,1,3000,592,5737,501,5138,1,4124,2200,0350,155,6091,7,5667,24,9631,18,6857,6,9640,177,7725,2,4304,3,3368,4,7139,26,5736,-0,3629,1,9110,0,2633,3,1267,2,4304,3,3368,4,7139,26,5736,0,0000,0,0000,0,0000,0,0000,0,0000,2,4000,36,8734,4,2304,0,1277,44,4147,0,8193,0,0940,0,1314,0,9868,-41,9124,97,6090,0,4228,179,1487,0,7640,0,3817,-0,6459,1,2894,0,4278,0,2773,0,1857,0,9860
2026-04-16 14:00:34.265,94,964,1,2667,608,1879,526,4656,1,4110,2200,0350,422,2107,7,5333,24,9754,18,7260,6,9477,177,7725,2,4376,3,3424,4,7051,26,5736,-0,3660,1,9146,0,2676,3,1267,2,4376,3,3424,4,7051,26,5736,0,0000,0,0000,0,0000,0,0000,0,0000,2,3667,36,8910,4,2575,0,1151,44,4147,0,8197,0,0946,0,1179,0,9868,-42,7776,98,0194,0,4465,179,1487,0,7640,0,3844,-0,6418,1,2894,0,4303,0,2784,0,1630,0,9860
2026-04-16 14:00:34.776,95,476,1,2667,601,1702,532,4428,1,4016,2200,0350,422,2260,7,5667,24,9633,18,6856,6,9640,177,7725,2,4357,3,3357,4,7141,26,5736,-0,4193,1,9282,0,3129,3,1267,2,4357,3,3357,4,7141,26,5736,0,0000,0,0000,0,0000,0,0000,0,0000,2,4000,36,9328,4,2471,0,0938,44,4147,0,8206,0,0944,0,0972,0,9868,-47,0188,98,3969,0,5168,179,1487,0,7699,0,3825,-0,6848,1,2894,0,4299,0,2763,0,1671,0,9860
2026-04-16 14:00:35.287,95,987,1,2667,594,7405,534,3808,1,4113,2200,0350,933,3344,7,8000,24,8810,18,4100,7,0770,177,7725,2,4004,3,2927,4,7850,26,5736,-0,4003,1,8985,0,2802,3,1267,2,4004,3,2927,4,7850,26,5736,0,0000,0,0000,0,0000,0,0000,0,0000,2,5333,37,0754,4,2362,0,0358,44,4147,0,8238,0,0941,0,0388,0,9868,-43,3143,97,0662,0,4162,179,1487,0,7846,0,3778,-0,7655,1,2894,0,4314,0,2704,0,1569,0,9860
2026-04-16 14:00:35.798,96,498,1,2667,594,7403,529,3233,1,4539,2200,0350,422,2260,7,8000,24,8810,18,4100,7,0770,177,7725,2,4004,3,2927,4,7850,26,5736,-0,4003,1,8985,0,2802,3,1267,2,4004,3,2927,4,7850,26,5736,0,0000,0,0000,0,0000,0,0000,0,0000,2,5333,37,0754,4,2362,0,0358,44,4147,0,8238,0,0941,0,0388,0,9868,-43,3143,97,0662,0,4162,179,1487,0,7846,0,3778,-0,7655,1,2894,0,4314,0,2704,0,1569,0,9860
2026-04-16 14:00:36.309,97,009,1,2333,613,2163,545,4350,1,3092,2200,0350,755,5542,7,7000,24,9154,18,5266,7,0288,177,7725,2,3941,3,3037,4,7990,26,5736,-0,3716,1,8939,0,2614,3,1267,2,3941,3,3037,4,7990,26,5736,0,0000,0,0000,0,0000,0,0000,0,0000,2,5333,37,0754,4,2362,0,0358,44,4147,0,8238,0,0941,0,0388,0,9868,-43,3143,97,0662,0,4162,179,1487,0,7846,0,3778,-0,7655,1,2894,0,4314,0,2704,0,1569,0,9860
2026-04-16 14:00:36.820,97,520,1,2333,615,0188,569,1358,1,3201,2200,0350,311,1191,7,5667,24,9629,18,6857,6,9640,177,7725,2,4013,3,3271,4,7745,26,5736,-0,3394,1,8939,0,2336,3,1267,2,4013,3,3271,4,7745,26,5736,0,0000,0,0000,0,0000,0,0000,0,0000,2,5000,37,0467,4,2570,0,0542,44,4147,0,8232,0,0946,0,0572,0,9868,-41,8422,96,8647,0,3985,179,1487,0,7840,0,3803,-0,7561,1,2894,0,4316,0,2722,0,1537,0,9860
2026-04-16 14:00:37.332,98,031,1,2333,617,4220,580,2636,1,3587,2200,0350,777,7634,7,4333,25,0119,18,8489,6,8986,177,7725,2,3886,3,3420,4,7969,26,5736,-0,3700,1,8973,0,2728,3,1267,2,3886,3,3420,4,7969,26,5736,0,0000,0,0000,0,0000,0,0000,0,0000,2,5000,37,0467,4,2570,0,0542,44,4147,0,8232,0,0946,0,0572,0,9868,-41,8422,96,8647,0,3985,179,1487,0,7840,0,3803,-0,7561,1,2894,0,4316,0,2722,0,1537,0,9860
2026-04-16 14:00:37.842,98,542,1,2333,617,4234,580,7930,1,3542,2200,0350,266,6779,7,4333,25,0119,18,8489,6,8986,177,7725,2,3886,3,3420,4,7969,26,5736,-0,3700,1,8973,0,2728,3,1267,2,3886,3,3420,4,7969,26,5736,0,0000,0,0000,0,0000,0,0000,0,0000,2,5000,37,0467,4,2570,0,0542,44,4147,0,8232,0,0946,0,0572,0,9868,-41,8422,96,8647,0,3985,179,1487,0,7840,0,3803,-0,7561,1,2894,0,4316,0,2722,0,1537,0,9860
2026-04-16 14:00:38.353,99,053,1,2333,610,2149,582,6393,1,3639,2200,0350,755,5847,7,8000,24,8808,18,4100,7,0770,177,7725,2,4742,3,3616,4,5366,26,5736,-0,3680,1,8717,0,2533,3,1267,2,4742,3,3616,4,5366,26,5736,0,0000,0,0000,0,0000,0,0000,0,0000,2,5000,37,1940,4,3027,0,0171,44,4147,0,8265,0,0956,0,0203,0,9868,-40,4856,97,2340,0,3592,179,1487,0,7923,0,3773,-0,8171,1,2894,0,4304,0,2714,0,1623,0,9860
2026-04-16 14:00:38.864,99,564,1,2667,590,6464,578,3934,1,4503,2200,0350,244,4458,7,9667,24,8254,18,2204,7,1566,177,7725,2,5062,3,4120,4,3788,26,5736,-0,3770,1,8587,0,2596,3,1267,2,5062,3,4120,4,3788,26,5736,0,0000,0,0000,0,0000,0,0000,0,0000,2,5667,37,2303,4,3112,0,0186,44,4147,0,8273,0,0958,0,0219,0,9868,-40,2047,96,0585,0,3547,179,1487,0,7984,0,3743,-0,8567,1,2894,0,4259,0,2714,0,1709,0,9860
2026-04-16 14:00:39.376,100,076,1,2000,616,0529,585,4980,1,3639,2200,0350,311,1191,8,1333,25,3186,19,8760,6,4909,177,7725,2,6477,3,6637,4,0339,26,5736,-0,4820,1,8754,0,2960,3,1267,2,6477,3,6637,4,0339,26,5736,0,0000,0,0000,0,0000,0,0000,0,0000,2,5667,37,1578,4,2865,0,0545,44,4147,0,8257,0,0953,0,0577,0,9868,-44,9086,95,3116,0,3643,179,1487,0,8117,0,3693,-0,9349,1,2894,0,4164,0,2700,0,2495,0,9860
2026-04-16 14:00:39.887,100,587,1,2000,617,2874,584,9003,1,3633,2200,0350,355,5603,8,1333,25,3185,19,8760,6,4909,177,7725,2,6546,3,6686,4,0182,26,5736,-0,4292,1,8959,0,2665,3,1267,2,6546,3,6686,4,0182,26,5736,0,0000,0,0000,0,0000,0,0000,0,0000,2,5667,37,1978,4,2668,0,0351,44,4147,0,8266,0,0948,0,0383,0,9868,-44,3911,95,4290,0,3478,179,1487,0,8213,0,3734,-0,9409,1,3446,0,4110,0,2727,0,2753,0,9860
2026-04-16 14:00:40.397,101,098,1,1667,639,3685,590,9805,1,2543,2200,0350,266,6626,7,9667,25,3833,20,0777,6,4194,177,7725,2,6727,3,7032,3,9744,26,5736,-0,3968,1,8954,0,2438,3,1267,2,6727,3,7032,3,9744,26,5736,0,0000,0,0000,0,0000,0,0000,0,0000,2,5667,37,1978,4,2668,0,0351,44,4147,0,8266,0,0948,0,0383,0,9868,-44,3911,95,4290,0,3478,179,1487,0,8213,0,3734,-0,9409,1,3446,0,4110,0,2727,0,2753,0,9860
2026-04-16 14:00:40.909,101,609,1,1333,660,7882,607,0764,1,1427,2200,0350,666,6946,7,8333,25,4371,20,2436,6,3615,177,7725,2,6985,3,7290,3,9391,26,5736,-0,3829,1,8961,0,2438,3,1267,2,6985,3,7290,3,9391,26,5736,0,0000,0,0000,0,0000,0,0000,0,0000,2,5333,37,2316,4,2845,0,0143,44,4147,0,8274,0,0952,0,0173,0,9868,-42,8072,95,0439,0,3334,179,1487,0,8211,0,3759,-0,9336,1,3446,0,4135,0,2736,0,2533,0,9860
2026-04-16 14:00:41.420,102,120,1,1667,634,9237,613,8668,1,1929,2200,0350,155,5710,8,0667,25,3441,19,9560,6,4624,177,7725,2,6478,3,6866,3,9966,26,5736,-0,3494,1,8787,0,1969,3,1267,2,6478,3,6866,3,9966,26,5736,0,0000,0,0000,0,0000,0,0000,0,0000,2,6667,37,0691,4,2803,0,0660,44,4147,0,8237,0,0951,0,0693,0,9868,-38,6345,94,4234,0,2259,179,1487,0,8148,0,3681,-0,8989,1,3446,0,4218,0,2702,0,1862,0,9860
2026-04-16 14:00:41.931,102,631,1,1333,645,7546,612,3800,1,1914,2200,0350,955,5740,8,3667,25,2322,19,6035,6,5898,177,7725,2,5312,3,5856,4,2486,26,5736,-0,2997,1,8429,0,1326,3,1267,2,5312,3,5856,4,2486,26,5736,0,0000,0,0000,0,0000,0,0000,0,0000,2,7333,37,0940,4,3451,0,0836,44,5013,0,8243,0,0966,0,0864,0,9883,-36,9062,93,9098,0,1796,179,1487,0,8137,0,3643,-0,8981,1,3446,0,4242,0,2685,0,1749,0,9860
2026-04-16 14:00:42.443,103,142,1,2000,606,7928,602,1579,1,3479,2200,0350,444,4580,8,5667,25,1619,19,3787,6,6734,177,7725,2,4951,3,5513,4,2989,26,5736,-0,2931,1,8761,0,1383,3,1267,2,4951,3,5513,4,2989,26,5736,0,0000,0,0000,0,0000,0,0000,0,0000,2,8333,36,9745,4,3693,0,0988,44,5013,0,8216,0,0971,0,1015,0,9883,-33,5478,98,6700,0,2433,179,1487,0,8128,0,3582,-0,9037,1,3446,0,4127,0,2707,0,2263,0,9860
2026-04-16 14:00:42.954,103,653,1,2000,600,0018,606,0454,1,3436,2200,0350,288,8718,8,8000,25,0840,19,1259,6,7696,177,7725,2,4621,3,5121,4,3530,26,5736,-0,2720,1,8531,0,1024,3,1267,2,4621,3,5121,4,3530,26,5736,0,0000,0,0000,0,0000,0,0000,0,0000,2,9667,36,9677,4,2359,0,1125,44,5013,0,8215,0,0941,0,1151,0,9883,-30,6434,97,1218,0,1537,179,1487,0,8095,0,3427,-0,8041,1,3446,0,4185,0,2636,0,1142,0,9860
2026-04-16 14:00:43.465,104,165,1,2000,606,7928,603,8869,1,3280,2200,0350,266,6626,8,5000,25,1849,19,4528,6,6456,177,7725,2,5335,3,5758,4,2225,26,5736,-0,2234,1,8664,0,0399,3,1267,2,5335,3,5758,4,2225,26,5736,0,0000,0,0000,0,0000,0,0000,0,0000,2,8000,36,7212,4,1937,0,1848,44,5013,0,8160,0,0932,0,1874,0,9883,-26,4834,98,4100,0,0513,179,1487,0,8506,0,3066,-0,8850,1,3446,0,3897,0,2423,0,0233,0,9076
2026-04-16 14:00:43.975,104,676,1,2000,601,8546,599,0874,1,2972,2111,1450,2111,1450,8,5333,25,1734,19,4156,6,6595,177,7725,2,5195,3,5697,4,2373,26,5736,-0,1768,1,8782,0,0028,3,1267,2,5195,3,5697,4,2373,26,5736,0,0000,0,0000,0,0000,0,0000,0,0000,2,8000,36,7458,4,1695,0,1889,44,5013,0,8165,0,0926,0,1917,0,9883,-20,6704,99,3636,-0,0068,179,1487,0,8686,0,2810,-0,8800,1,3446,0,3698,0,2417,0,1455,0,9076
2026-04-16 14:00:44.486,105,187,1,2333,587,3900,560,6910,1,2423,1955,5970,1600,0370,8,5333,25,1734,19,4156,6,6595,177,7725,2,5195,3,5697,4,2373,26,5736,-0,1768,1,8782,0,0028,3,1267,2,5195,3,5697,4,2373,26,5736,0,0000,0,0000,0,0000,0,0000,0,0000,2,8000,36,7458,4,1695,0,1889,44,5013,0,8165,0,0926,0,1917,0,9883,-20,6704,99,3636,-0,0068,179,1487,0,8686,0,2810,-0,8800,1,3446,0,3698,0,2417,0,1455,0,9076
2026-04-16 14:00:44.998,105,698,1,2333,587,3882,547,9515,1,2018,1955,5970,1088,8820,8,5333,25,1734,19,4156,6,6595,177,7725,2,5195,3,5697,4,2373,26,5736,-0,1768,1,8782,0,0028,3,1267,2,5195,3,5697,4,2373,26,5736,0,0000,0,0000,0,0000,0,0000,0,0000,2,8000,36,7458,4,1695,0,1889,44,5013,0,8165,0,0926,0,1917,0,9883,-20,6704,99,3636,-0,0068,179,1487,0,8686,0,2810,-0,8800,1,3446,0,3698,0,2417,0,1455,0,9076
2026-04-16 14:00:45.509,106,209,1,2333,584,3840,554,5661,1,2433,1955,5970,600,0061,8,6000,25,1505,19,3419,6,6872,177,7725,2,5166,3,5565,4,2539,26,5736,-0,1844,1,8750,0,0103,3,1267,2,5166,3,5565,4,2539,26,5736,0,0000,0,0000,0,0000,0,0000,0,0000,2,8000,36,7458,4,1695,0,1889,44,5013,0,8165,0,0926,0,1917,0,9883,-20,6704,99,3636,-0,0068,179,1487,0,8686,0,2810,-0,8800,1,3446,0,3698,0,2417,0,1455,0,9076
2026-04-16 14:00:46.021,106,720,1,2333,580,7809,554,8860,1,2604,1955,5970,177,8336,8,8000,25,0839,19,1259,6,7696,177,7725,2,5960,3,6055,4,0315,26,5736,-0,1790,1,8540,0,0016,3,1267,2,5960,3,6055,4,0315,26,5736,0,0000,0,0000,0,0000,0,0000,0,0000,2,8000,36,7458,4,1695,0,1889,44,5013,0,8165,0,0926,0,1917,0,9883,-20,6704,99,3636,-0,0068,179,1487,0,8686,0,2810,-0,8800,1,3446,0,3698,0,2417,0,1455,0,9076
2026-04-16 14:00:46.532,107,231,1,2000,593,8251,556,9897,1,2265,1955,5970,488,8916,9,0667,25,0004,18,8486,6,8779,177,7725,2,5913,3,5702,4,0391,26,5736,-0,1699,1,8660,0,0208,3,1267,2,5913,3,5702,4,0391,26,5736,0,0000,0,0000,0,0000,0,0000,0,0000,2,8667,36,6597,4,1242,0,2542,44,5013,0,8147,0,0916,0,2582,0,9883,-24,1216,99,8431,0,0629,179,1487,0,8547,0,2863,-0,7959,1,3446,0,3752,0,2427,0,1124,0,9076
2026-04-16 14:00:47.042,107,742,1,2333,572,9700,558,1490,1,2719,1955,5970,177,7420,9,3333,24,9210,18,5832,6,9846,177,7725,2,5791,3,5261,4,0825,26,5736,-0,1988,1,9099,0,0482,3,1267,2,5791,3,5261,4,0825,26,5736,0,0000,0,0000,0,0000,0,0000,0,0000,2,9667,36,6863,4,0790,0,2468,44,5013,0,8153,0,0906,0,2509,0,9883,-26,0826,102,1709,0,1036,179,1487,0,8496,0,2847,-0,7628,1,3446,0,3712,0,2445,0,1504,0,9076
2026-04-16 14:00:47.553,108,253,1,2000,583,9485,561,8936,1,2323,1955,5970,199,9893,9,6000,24,8460,18,3287,7,0896,177,7725,2,5666,3,4928,4,1148,26,5736,-0,0824,2,0129,0,0055,3,1267,2,5666,3,4928,4,1148,26,5736,0,0000,0,0000,0,0000,0,0000,0,0000,3,0000,36,6979,4,0755,0,2302,44,5013,0,8155,0,0905,0,2343,0,9883,-27,1808,102,6396,0,1088,179,1487,0,8477,0,2834,-0,7454,1,3446,0,3680,0,2448,0,1732,0,9076
2026-04-16 14:00:48.065,108,765,1,1333,603,2646,572,1876,1,1464,1955,5970,1644,4780,10,1000,24,7161,17,8783,7,2824,177,7725,2,5267,3,4151,4,2166,26,5736,-0,1303,1,9751,0,0675,3,1267,2,5267,3,4151,4,2166,26,5736,0,0000,0,0000,0,0000,0,0000,0,0000,3,1333,36,8293,4,0728,0,1836,44,5013,0,8184,0,0904,0,1873,0,9883,-29,0892,100,3152,0,1515,179,1487,0,8305,0,2941,-0,7387,1,3446,0,3793,0,2474,0,1502,0,9076
2026-04-16 14:00:51.554,112,253,1,0333,693,9021,748,2944,1,8463,3422,2260,222,2214,9,2000,23,9941,14,9068,8,6155,177,7725,2,4646,3,2393,4,0241,26,4286,-0,1472,1,9370,0,0847,3,1267,2,4646,3,2393,4,0241,26,4286,0,0000,0,0000,0,0000,0,0000,0,0000,2,9000,36,8634,4,1357,0,2341,44,8611,0,8192,0,0918,0,2379,0,9970,-27,1948,97,6811,0,1228,179,1487,0,8412,0,2802,-0,6674,1,3446,0,3734,0,2438,0,1165,0,8933
2026-04-16 14:00:52.064,112,765,1,0000,703,6960,753,6561,1,8336,3422,2260,866,3940,9,6667,23,9085,14,5475,8,8399,177,7725,2,4142,3,1690,4,1358,26,4286,-0,1806,1,9346,0,1086,3,1267,2,4142,3,1690,4,1358,26,4286,0,0000,0,0000,0,0000,0,0000,0,0000,2,9667,36,8405,4,0729,0,2856,44,8611,0,8187,0,0904,0,2895,0,9970,-29,2844,98,7426,0,1361,179,1487,0,8306,0,2830,-0,5731,1,3446,0,3798,0,2429,0,0573,0,8933
2026-04-16 14:00:52.576,113,276,1,0000,686,6682,755,5562,1,8838,3422,2260,355,5603,10,2333,23,8151,14,1442,9,1048,177,7725,2,3531,3,0925,4,2596,26,4286,-0,1293,1,9403,0,0545,3,1267,2,3531,3,0925,4,2596,26,4286,0,0000,0,0000,0,0000,0,0000,0,0000,3,1667,36,9182,4,1371,0,2562,44,8611,0,8205,0,0919,0,2605,0,9970,-23,4978,101,5038,0,0736,179,1487,0,8069,0,3021,-0,6472,1,3446,0,3943,0,2467,0,0369,0,8933
2026-04-16 14:00:53.087,113,787,1,0333,662,3671,753,2348,1,9152,3422,2260,333,5724,10,3000,23,8048,14,0989,9,1355,177,7725,2,3452,3,0860,4,2655,26,4286,-0,0963,1,9225,0,0278,3,1267,2,3452,3,0860,4,2655,26,4286,0,0000,0,0000,0,0000,0,0000,0,0000,3,2333,36,7864,4,1473,0,2878,44,8611,0,8175,0,0921,0,2920,0,9970,-21,6667,101,1572,0,0220,179,1487,0,7897,0,3077,-0,5952,1,3446,0,4013,0,2468,-0,0246,0,8933
2026-04-16 14:00:53.597,114,298,1,0000,673,3269,763,2504,1,8617,3422,2260,933,3344,10,6000,23,7602,13,9005,9,2722,177,7725,2,3092,3,0476,4,3375,26,4286,-0,1338,1,9187,0,0737,3,1267,2,3092,3,0476,4,3375,26,4286,0,0000,0,0000,0,0000,0,0000,0,0000,3,2667,36,9688,4,1502,0,2411,44,8611,0,8216,0,0923,0,2448,0,9970,-20,2021,100,6040,0,0248,179,1487,0,7689,0,3290,-0,5929,1,3446,0,4177,0,2548,0,0169,0,9632
2026-04-16 14:00:54.108,114,809,1,0333,647,3042,752,4836,1,9785,3422,2260,488,8611,10,7667,23,7365,13,7937,9,3475,177,7725,2,3052,3,0261,4,3656,26,4286,-0,0969,1,9214,0,0343,3,1267,2,3052,3,0261,4,3656,26,4286,0,0000,0,0000,0,0000,0,0000,0,0000,3,2667,36,8725,4,1037,0,2729,44,8611,0,8195,0,0912,0,2768,0,9970,-18,4500,101,8167,0,0096,179,1487,0,7646,0,3290,-0,5592,1,3446,0,4165,0,2540,0,0255,0,9632
2026-04-16 14:00:54.619,115,320,1,0000,669,6223,762,2484,1,8826,3422,2260,133,2932,10,7333,23,7410,13,8149,9,3324,177,7725,2,3087,3,0301,4,3583,26,4286,-0,0964,1,9243,0,0335,3,1267,2,3087,3,0301,4,3583,26,4286,0,0000,0,0000,0,0000,0,0000,0,0000,3,2667,36,8725,4,1037,0,2729,44,8611,0,8195,0,0912,0,2768,0,9970,-18,4500,101,8167,0,0096,179,1487,0,7646,0,3290,-0,5592,1,3446,0,4165,0,2540,0,0255,0,9632
2026-04-16 14:00:55.131,115,831,1,0000,682,2156,768,8157,1,7963,3422,2260,111,0764,10,3667,23,4375,12,6029,10,6862,177,7725,2,2320,2,7423,3,9677,22,6899,-0,0926,1,9135,0,0430,3,1267,2,2320,2,7423,3,9677,22,6899,0,0000,0,0000,0,0000,0,0000,0,0000,3,2000,36,7466,4,0902,0,3197,44,8611,0,8167,0,0909,0,3231,0,9970,-14,3704,99,7740,-0,0244,179,1487,0,7491,0,3252,-0,5274,1,3446,0,4241,0,2544,-0,0462,0,9632
2026-04-16 14:00:55.641,116,342,1,0000,682,9578,768,2746,1,7987,3422,2260,133,3466,10,4667,22,9310,9,0122,13,1195,155,5252,2,1300,2,6103,4,3625,22,6899,-0,0079,1,8669,-0,0187,3,1267,2,1300,2,6103,4,3625,22,6899,0,0000,0,0000,0,0000,0,0000,0,0000,3,2667,36,7358,4,0917,0,3120,44,8611,0,8165,0,0909,0,3153,0,9970,-9,4057,97,8342,-0,0767,179,1487,0,7327,0,3260,-0,4364,1,3446,0,4328,0,2570,-0,1109,0,9632
2026-04-16 14:00:56.153,116,853,1,0000,683,7001,754,5231,1,8512,3422,2260,1666,6410,10,4000,22,9353,9,0409,13,0769,155,5252,2,1369,2,6171,4,3488,22,6899,-0,0062,1,8874,-0,0156,3,1267,2,1369,2,6171,4,3488,22,6899,0,0000,0,0000,0,0000,0,0000,0,0000,3,2333,36,7371,3,9948,0,3048,44,8611,0,8165,0,0888,0,3071,0,9970,-9,3062,101,2565,-0,0372,179,1487,0,7237,0,3200,-0,4531,1,3446,0,4279,0,2609,-0,0775,0,9632
2026-04-16 14:00:56.665,117,365,1,0333,650,9012,730,5650,2,0250,3422,2260,1133,4760,10,8000,22,9086,8,8729,13,3303,155,5252,2,1235,2,5776,4,4000,22,6899,-0,0574,1,8706,0,0513,3,1267,2,1235,2,5776,4,4000,22,6899,0,0000,0,0000,0,0000,0,0000,0,0000,3,3333,36,7838,3,9992,0,3115,44,8611,0,8175,0,0889,0,3141,0,9970,-11,6331,100,6044,0,0186,179,1487,0,7040,0,3345,-0,4363,1,3446,0,4405,0,2671,-0,0804,0,9663
